engine,query_name,run_idx,execution_time_s
duckdb,query_1.sql,1,1.019012
duckdb,query_2.sql,1,0.986897
duckdb,query_3.sql,1,1.496790
duckdb,query_4.sql,1,2.133462
duckdb,query_5.sql,1,1.414325
duckdb,query_6.sql,1,0.785457
duckdb,query_7.sql,1,1.709017
duckdb,query_8.sql,1,1.224884
duckdb,query_9.sql,1,1.036480
duckdb,query_10.sql,1,0.985409
duckdb,query_11.sql,1,1.418206
duckdb,query_12.sql,1,0.538233
duckdb,query_13.sql,1,1.765911
duckdb,query_15.sql,1,0.670267
duckdb,query_16.sql,1,0.487102
duckdb,query_17.sql,1,1.333711
duckdb,query_19.sql,1,1.220798
duckdb,query_20.sql,1,0.525800
duckdb,query_21.sql,1,0.617223
duckdb,query_22.sql,1,1.781897
duckdb,query_23.sql,1,1.329180
duckdb,query_24.sql,1,1.327334
duckdb,query_25.sql,1,0.970107
duckdb,query_26.sql,1,0.831500
duckdb,query_28.sql,1,1.124577
duckdb,query_29.sql,1,1.548013
duckdb,query_30.sql,1,0.607181
duckdb,query_31.sql,1,1.188558
duckdb,query_32.sql,1,0.456865
duckdb,query_33.sql,1,1.385215
duckdb,query_34.sql,1,1.200043
duckdb,query_35.sql,1,1.339497
duckdb,query_36.sql,1,1.217903
duckdb,query_37.sql,1,0.692795
duckdb,query_38.sql,1,0.972494
duckdb,query_39.sql,1,0.512406
duckdb,query_40.sql,1,0.761740
duckdb,query_41.sql,1,0.384955
duckdb,query_42.sql,1,1.180943
duckdb,query_43.sql,1,0.944945
duckdb,query_44.sql,1,0.983954
duckdb,query_45.sql,1,0.739707
duckdb,query_46.sql,1,1.532580
duckdb,query_47.sql,1,3.245548
duckdb,query_48.sql,1,1.261171
duckdb,query_49.sql,1,2.087736
duckdb,query_50.sql,1,1.348991
duckdb,query_51.sql,1,1.852376
duckdb,query_52.sql,1,1.083710
duckdb,query_53.sql,1,1.132411
duckdb,query_54.sql,1,1.183250
duckdb,query_55.sql,1,0.825482
duckdb,query_56.sql,1,1.394424
duckdb,query_57.sql,1,1.400750
duckdb,query_59.sql,1,1.606492
duckdb,query_61.sql,1,1.585084
duckdb,query_62.sql,1,0.558414
duckdb,query_63.sql,1,1.011023
duckdb,query_64.sql,1,3.059057
duckdb,query_65.sql,1,1.654239
duckdb,query_66.sql,1,0.784215
duckdb,query_67.sql,1,2.708865
duckdb,query_68.sql,1,1.539659
duckdb,query_69.sql,1,1.013593
duckdb,query_72.sql,1,1.651652
duckdb,query_73.sql,1,1.039936
duckdb,query_74.sql,1,1.461920
duckdb,query_75.sql,1,7.521595
duckdb,query_76.sql,1,1.695694
duckdb,query_77.sql,1,1.094998
duckdb,query_78.sql,1,2.594621
duckdb,query_79.sql,1,1.416988
duckdb,query_80.sql,1,2.076485
duckdb,query_81.sql,1,0.793674
duckdb,query_82.sql,1,0.457558
duckdb,query_84.sql,1,0.647967
duckdb,query_85.sql,1,0.814402
duckdb,query_86.sql,1,0.660562
duckdb,query_87.sql,1,1.087680
duckdb,query_88.sql,1,2.518307
duckdb,query_89.sql,1,1.086439
duckdb,query_90.sql,1,0.718158
duckdb,query_91.sql,1,0.459164
duckdb,query_92.sql,1,0.553094
duckdb,query_93.sql,1,0.783078
duckdb,query_94.sql,1,0.628421
duckdb,query_95.sql,1,1.942028
duckdb,query_96.sql,1,0.928339
duckdb,query_98.sql,1,0.933671
duckdb,query_99.sql,1,0.597747
duckdb,query_1.sql,2,0.840333
duckdb,query_2.sql,2,1.007705
duckdb,query_3.sql,2,1.298534
duckdb,query_4.sql,2,2.102241
duckdb,query_5.sql,2,1.317007
duckdb,query_6.sql,2,0.918729
duckdb,query_7.sql,2,1.545819
duckdb,query_8.sql,2,1.075339
duckdb,query_9.sql,2,1.021606
duckdb,query_10.sql,2,1.140351
duckdb,query_11.sql,2,1.579590
duckdb,query_12.sql,2,0.542208
duckdb,query_13.sql,2,1.641712
duckdb,query_15.sql,2,0.693914
duckdb,query_16.sql,2,0.615801
duckdb,query_17.sql,2,1.343606
duckdb,query_19.sql,2,1.230268
duckdb,query_20.sql,2,0.525102
duckdb,query_21.sql,2,0.463866
duckdb,query_22.sql,2,1.825591
duckdb,query_23.sql,2,1.372398
duckdb,query_24.sql,2,1.298484
duckdb,query_25.sql,2,0.937068
duckdb,query_26.sql,2,0.646278
duckdb,query_28.sql,2,1.042623
duckdb,query_29.sql,2,1.444620
duckdb,query_30.sql,2,0.572086
duckdb,query_31.sql,2,1.200809
duckdb,query_32.sql,2,0.437037
duckdb,query_33.sql,2,1.417432
duckdb,query_34.sql,2,1.083729
duckdb,query_35.sql,2,1.354165
duckdb,query_36.sql,2,1.363263
duckdb,query_37.sql,2,0.805935
duckdb,query_38.sql,2,0.970327
duckdb,query_39.sql,2,0.450941
duckdb,query_40.sql,2,0.801198
duckdb,query_41.sql,2,0.543466
duckdb,query_42.sql,2,1.100582
duckdb,query_43.sql,2,0.809177
duckdb,query_44.sql,2,0.788811
duckdb,query_45.sql,2,0.587532
duckdb,query_46.sql,2,1.618937
duckdb,query_47.sql,2,3.083108
duckdb,query_48.sql,2,1.300900
duckdb,query_49.sql,2,2.105005
duckdb,query_50.sql,2,1.429746
duckdb,query_51.sql,2,1.879116
duckdb,query_52.sql,2,1.243426
duckdb,query_53.sql,2,0.969815
duckdb,query_54.sql,2,1.079296
duckdb,query_55.sql,2,0.824252
duckdb,query_56.sql,2,1.223367
duckdb,query_57.sql,2,1.307890
duckdb,query_59.sql,2,1.593940
duckdb,query_61.sql,2,1.456096
duckdb,query_62.sql,2,0.651886
duckdb,query_63.sql,2,1.030528
duckdb,query_64.sql,2,3.017223
duckdb,query_65.sql,2,1.502208
duckdb,query_66.sql,2,0.874228
duckdb,query_67.sql,2,2.642492
duckdb,query_68.sql,2,1.709508
duckdb,query_69.sql,2,0.912166
duckdb,query_72.sql,2,1.708669
duckdb,query_73.sql,2,0.985735
duckdb,query_74.sql,2,1.321365
duckdb,query_75.sql,2,7.110578
duckdb,query_76.sql,2,1.559667
duckdb,query_77.sql,2,1.285069
duckdb,query_78.sql,2,2.808784
duckdb,query_79.sql,2,1.389795
duckdb,query_80.sql,2,1.975175
duckdb,query_81.sql,2,0.618915
duckdb,query_82.sql,2,0.436262
duckdb,query_84.sql,2,0.478004
duckdb,query_85.sql,2,0.696594
duckdb,query_86.sql,2,0.602029
duckdb,query_87.sql,2,1.044305
duckdb,query_88.sql,2,2.535801
duckdb,query_89.sql,2,1.275387
duckdb,query_90.sql,2,0.657513
duckdb,query_91.sql,2,0.444476
duckdb,query_92.sql,2,0.548872
duckdb,query_93.sql,2,0.817812
duckdb,query_94.sql,2,0.538249
duckdb,query_95.sql,2,1.928894
duckdb,query_96.sql,2,0.849366
duckdb,query_98.sql,2,0.908177
duckdb,query_99.sql,2,0.583096
duckdb,query_1.sql,3,0.822089
duckdb,query_2.sql,3,0.983552
duckdb,query_3.sql,3,1.485232
duckdb,query_4.sql,3,2.126547
duckdb,query_5.sql,3,1.461527
duckdb,query_6.sql,3,0.897920
duckdb,query_7.sql,3,1.529707
duckdb,query_8.sql,3,1.070285
duckdb,query_9.sql,3,0.902685
duckdb,query_10.sql,3,1.051490
duckdb,query_11.sql,3,1.509633
duckdb,query_12.sql,3,0.529289
duckdb,query_13.sql,3,1.624177
duckdb,query_15.sql,3,0.710668
duckdb,query_16.sql,3,0.633087
duckdb,query_17.sql,3,1.470906
duckdb,query_19.sql,3,1.203340
duckdb,query_20.sql,3,0.523059
duckdb,query_21.sql,3,0.525293
duckdb,query_22.sql,3,1.795541
duckdb,query_23.sql,3,1.332190
duckdb,query_24.sql,3,1.330398
duckdb,query_25.sql,3,0.961150
duckdb,query_26.sql,3,0.658964
duckdb,query_28.sql,3,1.026926
duckdb,query_29.sql,3,1.568688
duckdb,query_30.sql,3,0.570551
duckdb,query_31.sql,3,1.088883
duckdb,query_32.sql,3,0.542312
duckdb,query_33.sql,3,1.365670
duckdb,query_34.sql,3,1.211020
duckdb,query_35.sql,3,1.643865
duckdb,query_36.sql,3,1.279432
duckdb,query_37.sql,3,0.761456
duckdb,query_38.sql,3,0.949781
duckdb,query_39.sql,3,0.578345
duckdb,query_40.sql,3,0.740367
duckdb,query_41.sql,3,0.378241
duckdb,query_42.sql,3,1.004572
duckdb,query_43.sql,3,0.880508
duckdb,query_44.sql,3,0.900431
duckdb,query_45.sql,3,0.605270
duckdb,query_46.sql,3,1.573403
duckdb,query_47.sql,3,3.117485
duckdb,query_48.sql,3,1.399303
duckdb,query_49.sql,3,2.236910
duckdb,query_50.sql,3,1.372279
duckdb,query_51.sql,3,1.790076
duckdb,query_52.sql,3,1.187556
duckdb,query_53.sql,3,1.074923
duckdb,query_54.sql,3,1.072578
duckdb,query_55.sql,3,0.979274
duckdb,query_56.sql,3,1.413758
duckdb,query_57.sql,3,1.360821
duckdb,query_59.sql,3,1.625825
duckdb,query_61.sql,3,1.475441
duckdb,query_62.sql,3,0.638165
duckdb,query_63.sql,3,1.007321
duckdb,query_64.sql,3,2.967161
duckdb,query_65.sql,3,1.658429
duckdb,query_66.sql,3,0.944203
duckdb,query_67.sql,3,2.680868
duckdb,query_68.sql,3,1.587553
duckdb,query_69.sql,3,1.014573
duckdb,query_72.sql,3,1.540923
duckdb,query_73.sql,3,1.009771
duckdb,query_74.sql,3,1.333333
duckdb,query_75.sql,3,7.449209
duckdb,query_76.sql,3,1.660717
duckdb,query_77.sql,3,1.259944
duckdb,query_78.sql,3,2.697073
duckdb,query_79.sql,3,1.423089
duckdb,query_80.sql,3,2.149522
duckdb,query_81.sql,3,0.715829
duckdb,query_82.sql,3,0.511748
duckdb,query_84.sql,3,0.648505
duckdb,query_85.sql,3,0.729702
duckdb,query_86.sql,3,0.682293
duckdb,query_87.sql,3,1.161598
duckdb,query_88.sql,3,2.521966
duckdb,query_89.sql,3,1.274154
duckdb,query_90.sql,3,0.667691
duckdb,query_91.sql,3,0.568422
duckdb,query_92.sql,3,0.624871
duckdb,query_93.sql,3,0.713271
duckdb,query_94.sql,3,0.554473
duckdb,query_95.sql,3,1.855640
duckdb,query_96.sql,3,0.838486
duckdb,query_98.sql,3,1.056316
duckdb,query_99.sql,3,0.731314
duckdb,query_1.sql,4,0.859840
duckdb,query_2.sql,4,0.999968
duckdb,query_3.sql,4,1.318288
duckdb,query_4.sql,4,2.006798
duckdb,query_5.sql,4,1.426266
duckdb,query_6.sql,4,0.990253
duckdb,query_7.sql,4,1.555186
duckdb,query_8.sql,4,1.050110
duckdb,query_9.sql,4,0.928102
duckdb,query_10.sql,4,1.145256
duckdb,query_11.sql,4,1.462325
duckdb,query_12.sql,4,0.540634
duckdb,query_13.sql,4,1.698561
duckdb,query_15.sql,4,0.546793
duckdb,query_16.sql,4,0.610982
duckdb,query_17.sql,4,1.430099
duckdb,query_19.sql,4,1.389053
duckdb,query_20.sql,4,0.613091
duckdb,query_21.sql,4,0.458076
duckdb,query_22.sql,4,1.623725
duckdb,query_23.sql,4,1.318820
duckdb,query_24.sql,4,1.329909
duckdb,query_25.sql,4,0.815033
duckdb,query_26.sql,4,0.820270
duckdb,query_28.sql,4,1.154168
duckdb,query_29.sql,4,1.452986
duckdb,query_30.sql,4,0.541236
duckdb,query_31.sql,4,1.182250
duckdb,query_32.sql,4,0.429829
duckdb,query_33.sql,4,1.429741
duckdb,query_34.sql,4,1.082867
duckdb,query_35.sql,4,1.379949
duckdb,query_36.sql,4,1.398023
duckdb,query_37.sql,4,0.817332
duckdb,query_38.sql,4,1.054709
duckdb,query_39.sql,4,0.439079
duckdb,query_40.sql,4,0.604563
duckdb,query_41.sql,4,0.477079
duckdb,query_42.sql,4,1.046817
duckdb,query_43.sql,4,0.963163
duckdb,query_44.sql,4,0.828751
duckdb,query_45.sql,4,0.612037
duckdb,query_46.sql,4,1.653928
duckdb,query_47.sql,4,3.164808
duckdb,query_48.sql,4,1.364295
duckdb,query_49.sql,4,2.081898
duckdb,query_50.sql,4,1.395828
duckdb,query_51.sql,4,1.761368
duckdb,query_52.sql,4,1.098424
duckdb,query_53.sql,4,0.981121
duckdb,query_54.sql,4,1.085882
duckdb,query_55.sql,4,0.837993
duckdb,query_56.sql,4,1.400539
duckdb,query_57.sql,4,1.336873
duckdb,query_59.sql,4,1.443165
duckdb,query_61.sql,4,1.422229
duckdb,query_62.sql,4,0.548901
duckdb,query_63.sql,4,1.008233
duckdb,query_64.sql,4,2.927768
duckdb,query_65.sql,4,1.628221
duckdb,query_66.sql,4,0.796277
duckdb,query_67.sql,4,2.673742
duckdb,query_68.sql,4,1.572329
duckdb,query_69.sql,4,0.914624
duckdb,query_72.sql,4,1.764788
duckdb,query_73.sql,4,1.177905
duckdb,query_74.sql,4,1.349227
duckdb,query_75.sql,4,7.167365
duckdb,query_76.sql,4,1.704210
duckdb,query_77.sql,4,1.118401
duckdb,query_78.sql,4,2.647312
duckdb,query_79.sql,4,1.377563
duckdb,query_80.sql,4,1.941886
duckdb,query_81.sql,4,0.639038
duckdb,query_82.sql,4,0.445976
duckdb,query_84.sql,4,0.693602
duckdb,query_85.sql,4,0.730786
duckdb,query_86.sql,4,0.622455
duckdb,query_87.sql,4,0.994145
duckdb,query_88.sql,4,2.464633
duckdb,query_89.sql,4,1.090317
duckdb,query_90.sql,4,0.666650
duckdb,query_91.sql,4,0.453122
duckdb,query_92.sql,4,0.664799
duckdb,query_93.sql,4,0.704057
duckdb,query_94.sql,4,0.562523
duckdb,query_95.sql,4,1.745434
duckdb,query_96.sql,4,0.809799
duckdb,query_98.sql,4,1.010103
duckdb,query_99.sql,4,0.622174
duckdb,query_1.sql,5,0.872387
duckdb,query_2.sql,5,1.088806
duckdb,query_3.sql,5,1.313901
duckdb,query_4.sql,5,2.027709
duckdb,query_5.sql,5,1.336745
duckdb,query_6.sql,5,0.791588
duckdb,query_7.sql,5,1.711030
duckdb,query_8.sql,5,1.047187
duckdb,query_9.sql,5,1.000813
duckdb,query_10.sql,5,1.002848
duckdb,query_11.sql,5,1.412218
duckdb,query_12.sql,5,0.600548
duckdb,query_13.sql,5,1.788072
duckdb,query_15.sql,5,0.700932
duckdb,query_16.sql,5,0.582442
duckdb,query_17.sql,5,1.403875
duckdb,query_19.sql,5,1.243195
duckdb,query_20.sql,5,0.492386
duckdb,query_21.sql,5,0.490560
duckdb,query_22.sql,5,1.803310
duckdb,query_23.sql,5,1.285033
duckdb,query_24.sql,5,1.360191
duckdb,query_25.sql,5,0.950489
duckdb,query_26.sql,5,0.861239
duckdb,query_28.sql,5,0.989308
duckdb,query_29.sql,5,1.460712
duckdb,query_30.sql,5,0.499418
duckdb,query_31.sql,5,1.177239
duckdb,query_32.sql,5,0.444854
duckdb,query_33.sql,5,1.275442
duckdb,query_34.sql,5,1.184688
duckdb,query_35.sql,5,1.354028
duckdb,query_36.sql,5,1.378812
duckdb,query_37.sql,5,0.735049
duckdb,query_38.sql,5,1.098651
duckdb,query_39.sql,5,0.445066
duckdb,query_40.sql,5,0.610834
duckdb,query_41.sql,5,0.390405
duckdb,query_42.sql,5,1.017286
duckdb,query_43.sql,5,0.903621
duckdb,query_44.sql,5,0.848454
duckdb,query_45.sql,5,0.589752
duckdb,query_46.sql,5,1.725051
duckdb,query_47.sql,5,2.919854
duckdb,query_48.sql,5,1.490328
duckdb,query_49.sql,5,2.118556
duckdb,query_50.sql,5,1.374739
duckdb,query_51.sql,5,1.799723
duckdb,query_52.sql,5,1.063132
duckdb,query_53.sql,5,1.048398
duckdb,query_54.sql,5,1.227081
duckdb,query_55.sql,5,0.841568
duckdb,query_56.sql,5,1.397735
duckdb,query_57.sql,5,1.429490
duckdb,query_59.sql,5,1.446849
duckdb,query_61.sql,5,1.446304
duckdb,query_62.sql,5,0.554719
duckdb,query_63.sql,5,1.015981
duckdb,query_64.sql,5,2.888634
duckdb,query_65.sql,5,1.519636
duckdb,query_66.sql,5,0.790017
duckdb,query_67.sql,5,2.685263
duckdb,query_68.sql,5,1.684919
duckdb,query_69.sql,5,0.900028
duckdb,query_72.sql,5,1.544128
duckdb,query_73.sql,5,0.999309
duckdb,query_74.sql,5,1.344208
duckdb,query_75.sql,5,7.035666
duckdb,query_76.sql,5,1.567533
duckdb,query_77.sql,5,1.270124
duckdb,query_78.sql,5,2.713321
duckdb,query_79.sql,5,1.562962
duckdb,query_80.sql,5,1.855103
duckdb,query_81.sql,5,0.628695
duckdb,query_82.sql,5,0.569656
duckdb,query_84.sql,5,0.566667
duckdb,query_85.sql,5,0.759275
duckdb,query_86.sql,5,0.622742
duckdb,query_87.sql,5,1.002797
duckdb,query_88.sql,5,2.445200
duckdb,query_89.sql,5,1.270787
duckdb,query_90.sql,5,0.661139
duckdb,query_91.sql,5,0.623952
duckdb,query_92.sql,5,0.601346
duckdb,query_93.sql,5,0.843087
duckdb,query_94.sql,5,0.560114
duckdb,query_95.sql,5,1.760372
duckdb,query_96.sql,5,0.930856
duckdb,query_98.sql,5,0.929662
duckdb,query_99.sql,5,0.607808
duckdb,query_1.sql,6,1.003033
duckdb,query_2.sql,6,1.104342
duckdb,query_3.sql,6,1.317303
duckdb,query_4.sql,6,1.985902
duckdb,query_5.sql,6,1.358917
duckdb,query_6.sql,6,0.794262
duckdb,query_7.sql,6,1.584594
duckdb,query_8.sql,6,1.041483
duckdb,query_9.sql,6,0.928794
duckdb,query_10.sql,6,1.001080
duckdb,query_11.sql,6,1.417114
duckdb,query_12.sql,6,0.552693
duckdb,query_13.sql,6,1.684635
duckdb,query_15.sql,6,0.548812
duckdb,query_16.sql,6,0.502669
duckdb,query_17.sql,6,1.517957
duckdb,query_19.sql,6,1.213236
duckdb,query_20.sql,6,0.516917
duckdb,query_21.sql,6,0.508207
duckdb,query_22.sql,6,1.662630
duckdb,query_23.sql,6,1.278896
duckdb,query_24.sql,6,1.311461
duckdb,query_25.sql,6,0.810496
duckdb,query_26.sql,6,0.684164
duckdb,query_28.sql,6,1.029008
duckdb,query_29.sql,6,1.400165
duckdb,query_30.sql,6,0.504429
duckdb,query_31.sql,6,1.026360
duckdb,query_32.sql,6,0.463742
duckdb,query_33.sql,6,1.407734
duckdb,query_34.sql,6,1.075772
duckdb,query_35.sql,6,1.399981
duckdb,query_36.sql,6,1.282485
duckdb,query_37.sql,6,0.699923
duckdb,query_38.sql,6,0.945969
duckdb,query_39.sql,6,0.482844
duckdb,query_40.sql,6,0.788923
duckdb,query_41.sql,6,0.384173
duckdb,query_42.sql,6,1.008454
duckdb,query_43.sql,6,0.797774
duckdb,query_44.sql,6,0.834906
duckdb,query_45.sql,6,0.626401
duckdb,query_46.sql,6,1.659520
duckdb,query_47.sql,6,3.025040
duckdb,query_48.sql,6,1.289530
duckdb,query_49.sql,6,2.100692
duckdb,query_50.sql,6,1.397934
duckdb,query_51.sql,6,1.758630
duckdb,query_52.sql,6,1.312973
duckdb,query_53.sql,6,0.955318
duckdb,query_54.sql,6,1.084574
duckdb,query_55.sql,6,0.976463
duckdb,query_56.sql,6,1.427938
duckdb,query_57.sql,6,1.369677
duckdb,query_59.sql,6,1.603287
duckdb,query_61.sql,6,1.568264
duckdb,query_62.sql,6,0.551317
duckdb,query_63.sql,6,1.002979
duckdb,query_64.sql,6,2.886041
duckdb,query_65.sql,6,1.588819
duckdb,query_66.sql,6,0.870192
duckdb,query_67.sql,6,2.653681
duckdb,query_68.sql,6,1.623403
duckdb,query_69.sql,6,0.894682
duckdb,query_72.sql,6,1.561337
duckdb,query_73.sql,6,1.006078
duckdb,query_74.sql,6,1.489068
duckdb,query_75.sql,6,7.230178
duckdb,query_76.sql,6,1.551754
duckdb,query_77.sql,6,1.238989
duckdb,query_78.sql,6,2.803477
duckdb,query_79.sql,6,1.519924
duckdb,query_80.sql,6,1.930678
duckdb,query_81.sql,6,0.629636
duckdb,query_82.sql,6,0.446920
duckdb,query_84.sql,6,0.515543
duckdb,query_85.sql,6,0.751878
duckdb,query_86.sql,6,0.630615
duckdb,query_87.sql,6,0.996213
duckdb,query_88.sql,6,2.491245
duckdb,query_89.sql,6,1.094053
duckdb,query_90.sql,6,0.662993
duckdb,query_91.sql,6,0.449596
duckdb,query_92.sql,6,0.549459
duckdb,query_93.sql,6,0.693576
duckdb,query_94.sql,6,0.536832
duckdb,query_95.sql,6,1.764493
duckdb,query_96.sql,6,0.840171
duckdb,query_98.sql,6,0.923681
duckdb,query_99.sql,6,0.597603
duckdb,query_1.sql,7,0.847313
duckdb,query_2.sql,7,1.135410
duckdb,query_3.sql,7,1.473908
duckdb,query_4.sql,7,2.133014
duckdb,query_5.sql,7,1.315918
duckdb,query_6.sql,7,0.793144
duckdb,query_7.sql,7,1.529372
duckdb,query_8.sql,7,1.195579
duckdb,query_9.sql,7,0.904671
duckdb,query_10.sql,7,1.034677
duckdb,query_11.sql,7,1.390549
duckdb,query_12.sql,7,0.657203
duckdb,query_13.sql,7,1.611127
duckdb,query_15.sql,7,0.551563
duckdb,query_16.sql,7,0.545544
duckdb,query_17.sql,7,1.356666
duckdb,query_19.sql,7,1.318793
duckdb,query_20.sql,7,0.622936
duckdb,query_21.sql,7,0.476167
duckdb,query_22.sql,7,1.597680
duckdb,query_23.sql,7,1.435890
duckdb,query_24.sql,7,1.322278
duckdb,query_25.sql,7,0.728232
duckdb,query_26.sql,7,0.658046
duckdb,query_28.sql,7,0.986492
duckdb,query_29.sql,7,1.408141
duckdb,query_30.sql,7,0.581336
duckdb,query_31.sql,7,1.155779
duckdb,query_32.sql,7,0.435361
duckdb,query_33.sql,7,1.273639
duckdb,query_34.sql,7,1.090727
duckdb,query_35.sql,7,1.508351
duckdb,query_36.sql,7,1.221543
duckdb,query_37.sql,7,0.661491
duckdb,query_38.sql,7,1.070633
duckdb,query_39.sql,7,0.525147
duckdb,query_40.sql,7,0.629912
duckdb,query_41.sql,7,0.383839
duckdb,query_42.sql,7,0.957525
duckdb,query_43.sql,7,0.778449
duckdb,query_44.sql,7,0.842476
duckdb,query_45.sql,7,0.617491
duckdb,query_46.sql,7,1.550000
duckdb,query_47.sql,7,2.999003
duckdb,query_48.sql,7,1.365724
duckdb,query_49.sql,7,2.069380
duckdb,query_50.sql,7,1.470909
duckdb,query_51.sql,7,1.729198
duckdb,query_52.sql,7,1.064644
duckdb,query_53.sql,7,1.047534
duckdb,query_54.sql,7,1.097676
duckdb,query_55.sql,7,0.938230
duckdb,query_56.sql,7,1.226064
duckdb,query_57.sql,7,1.321052
duckdb,query_59.sql,7,1.594210
duckdb,query_61.sql,7,1.466496
duckdb,query_62.sql,7,0.549916
duckdb,query_63.sql,7,1.000275
duckdb,query_64.sql,7,2.923594
duckdb,query_65.sql,7,1.675925
duckdb,query_66.sql,7,0.833807
duckdb,query_67.sql,7,2.607704
duckdb,query_68.sql,7,1.602522
duckdb,query_69.sql,7,0.857638
duckdb,query_72.sql,7,1.670533
duckdb,query_73.sql,7,1.091652
duckdb,query_74.sql,7,1.327700
duckdb,query_75.sql,7,7.237206
duckdb,query_76.sql,7,1.675198
duckdb,query_77.sql,7,1.214860
duckdb,query_78.sql,7,2.795703
duckdb,query_79.sql,7,1.486358
duckdb,query_80.sql,7,1.890455
duckdb,query_81.sql,7,0.761050
duckdb,query_82.sql,7,0.446283
duckdb,query_84.sql,7,0.512378
duckdb,query_85.sql,7,0.911218
duckdb,query_86.sql,7,0.596040
duckdb,query_87.sql,7,0.975623
duckdb,query_88.sql,7,2.467176
duckdb,query_89.sql,7,1.095506
duckdb,query_90.sql,7,0.794430
duckdb,query_91.sql,7,0.455519
duckdb,query_92.sql,7,0.676913
duckdb,query_93.sql,7,0.713639
duckdb,query_94.sql,7,0.549848
duckdb,query_95.sql,7,1.742567
duckdb,query_96.sql,7,0.839905
duckdb,query_98.sql,7,0.924396
duckdb,query_99.sql,7,0.583460
duckdb,query_1.sql,8,1.086435
duckdb,query_2.sql,8,1.023143
duckdb,query_3.sql,8,1.325728
duckdb,query_4.sql,8,2.142774
duckdb,query_5.sql,8,1.313219
duckdb,query_6.sql,8,0.808484
duckdb,query_7.sql,8,1.526212
duckdb,query_8.sql,8,1.043177
duckdb,query_9.sql,8,0.931750
duckdb,query_10.sql,8,0.994575
duckdb,query_11.sql,8,1.439387
duckdb,query_12.sql,8,0.562974
duckdb,query_13.sql,8,1.676781
duckdb,query_15.sql,8,0.568206
duckdb,query_16.sql,8,0.497881
duckdb,query_17.sql,8,1.526339
duckdb,query_19.sql,8,1.236391
duckdb,query_20.sql,8,0.488779
duckdb,query_21.sql,8,0.515830
duckdb,query_22.sql,8,1.647278
duckdb,query_23.sql,8,1.306957
duckdb,query_24.sql,8,1.300965
duckdb,query_25.sql,8,0.836567
duckdb,query_26.sql,8,0.674286
duckdb,query_28.sql,8,1.046074
duckdb,query_29.sql,8,1.402767
duckdb,query_30.sql,8,0.514532
duckdb,query_31.sql,8,1.044431
duckdb,query_32.sql,8,0.440143
duckdb,query_33.sql,8,1.279116
duckdb,query_34.sql,8,1.042865
duckdb,query_35.sql,8,1.422801
duckdb,query_36.sql,8,1.236400
duckdb,query_37.sql,8,0.863893
duckdb,query_38.sql,8,0.992025
duckdb,query_39.sql,8,0.438684
duckdb,query_40.sql,8,0.599496
duckdb,query_41.sql,8,0.390610
duckdb,query_42.sql,8,1.016500
duckdb,query_43.sql,8,0.818447
duckdb,query_44.sql,8,0.844810
duckdb,query_45.sql,8,0.612783
duckdb,query_46.sql,8,1.755418
duckdb,query_47.sql,8,3.135766
duckdb,query_48.sql,8,1.266785
duckdb,query_49.sql,8,2.034267
duckdb,query_50.sql,8,1.372977
duckdb,query_51.sql,8,1.770862
duckdb,query_52.sql,8,1.032243
duckdb,query_53.sql,8,0.975584
duckdb,query_54.sql,8,1.203471
duckdb,query_55.sql,8,0.844446
duckdb,query_56.sql,8,1.491025
duckdb,query_57.sql,8,1.514464
duckdb,query_59.sql,8,1.560282
duckdb,query_61.sql,8,1.553403
duckdb,query_62.sql,8,0.718518
duckdb,query_63.sql,8,1.180449
duckdb,query_64.sql,8,2.943365
duckdb,query_65.sql,8,1.480591
duckdb,query_66.sql,8,0.820595
duckdb,query_67.sql,8,2.690827
duckdb,query_68.sql,8,1.596085
duckdb,query_69.sql,8,0.858537
duckdb,query_72.sql,8,1.609906
duckdb,query_73.sql,8,1.113458
duckdb,query_74.sql,8,1.436073
duckdb,query_75.sql,8,7.232872
duckdb,query_76.sql,8,1.579357
duckdb,query_77.sql,8,1.118175
duckdb,query_78.sql,8,2.647870
duckdb,query_79.sql,8,1.577068
duckdb,query_80.sql,8,1.934140
duckdb,query_81.sql,8,0.588968
duckdb,query_82.sql,8,0.450508
duckdb,query_84.sql,8,0.527965
duckdb,query_85.sql,8,0.753659
duckdb,query_86.sql,8,0.715635
duckdb,query_87.sql,8,1.007250
duckdb,query_88.sql,8,2.441890
duckdb,query_89.sql,8,1.122707
duckdb,query_90.sql,8,0.664311
duckdb,query_91.sql,8,0.458461
duckdb,query_92.sql,8,0.572804
duckdb,query_93.sql,8,0.697212
duckdb,query_94.sql,8,0.567927
duckdb,query_95.sql,8,1.764250
duckdb,query_96.sql,8,0.891638
duckdb,query_98.sql,8,1.087054
duckdb,query_99.sql,8,0.600790
duckdb,query_1.sql,9,0.931044
duckdb,query_2.sql,9,1.129710
duckdb,query_3.sql,9,1.373513
duckdb,query_4.sql,9,1.993854
duckdb,query_5.sql,9,1.437289
duckdb,query_6.sql,9,0.814164
duckdb,query_7.sql,9,1.703660
duckdb,query_8.sql,9,1.048565
duckdb,query_9.sql,9,0.910294
duckdb,query_10.sql,9,1.025219
duckdb,query_11.sql,9,1.554893
duckdb,query_12.sql,9,0.536769
duckdb,query_13.sql,9,1.669466
duckdb,query_15.sql,9,0.552395
duckdb,query_16.sql,9,0.514909
duckdb,query_17.sql,9,1.362417
duckdb,query_19.sql,9,1.227175
duckdb,query_20.sql,9,0.499058
duckdb,query_21.sql,9,0.468471
duckdb,query_22.sql,9,1.608638
duckdb,query_23.sql,9,1.297033
duckdb,query_24.sql,9,1.457684
duckdb,query_25.sql,9,0.800416
duckdb,query_26.sql,9,0.686311
duckdb,query_28.sql,9,1.023843
duckdb,query_29.sql,9,1.436968
duckdb,query_30.sql,9,0.506486
duckdb,query_31.sql,9,1.068291
duckdb,query_32.sql,9,0.422724
duckdb,query_33.sql,9,1.240236
duckdb,query_34.sql,9,1.079421
duckdb,query_35.sql,9,1.362226
duckdb,query_36.sql,9,1.281504
duckdb,query_37.sql,9,0.714207
duckdb,query_38.sql,9,0.954490
duckdb,query_39.sql,9,0.454560
duckdb,query_40.sql,9,0.586354
duckdb,query_41.sql,9,0.377639
duckdb,query_42.sql,9,1.035172
duckdb,query_43.sql,9,0.805548
duckdb,query_44.sql,9,0.825169
duckdb,query_45.sql,9,0.600195
duckdb,query_46.sql,9,1.564829
duckdb,query_47.sql,9,3.134776
duckdb,query_48.sql,9,1.290875
duckdb,query_49.sql,9,1.954606
duckdb,query_50.sql,9,1.384438
duckdb,query_51.sql,9,1.802592
duckdb,query_52.sql,9,1.221473
duckdb,query_53.sql,9,0.980794
duckdb,query_54.sql,9,1.065734
duckdb,query_55.sql,9,0.832991
duckdb,query_56.sql,9,1.221207
duckdb,query_57.sql,9,1.428138
duckdb,query_59.sql,9,1.433927
duckdb,query_61.sql,9,1.440360
duckdb,query_62.sql,9,0.555851
duckdb,query_63.sql,9,1.059404
duckdb,query_64.sql,9,2.939850
duckdb,query_65.sql,9,1.518161
duckdb,query_66.sql,9,0.825734
duckdb,query_67.sql,9,2.620390
duckdb,query_68.sql,9,1.643934
duckdb,query_69.sql,9,0.904122
duckdb,query_72.sql,9,1.610706
duckdb,query_73.sql,9,1.183921
duckdb,query_74.sql,9,1.340870
duckdb,query_75.sql,9,7.287600
duckdb,query_76.sql,9,1.561474
duckdb,query_77.sql,9,1.126472
duckdb,query_78.sql,9,2.649340
duckdb,query_79.sql,9,1.416623
duckdb,query_80.sql,9,2.042154
duckdb,query_81.sql,9,0.645271
duckdb,query_82.sql,9,0.436546
duckdb,query_84.sql,9,0.502964
duckdb,query_85.sql,9,0.774189
duckdb,query_86.sql,9,0.617531
duckdb,query_87.sql,9,1.004321
duckdb,query_88.sql,9,2.476497
duckdb,query_89.sql,9,1.301186
duckdb,query_90.sql,9,0.800353
duckdb,query_91.sql,9,0.433498
duckdb,query_92.sql,9,0.713394
duckdb,query_93.sql,9,0.876700
duckdb,query_94.sql,9,0.541707
duckdb,query_95.sql,9,1.722588
duckdb,query_96.sql,9,0.975813
duckdb,query_98.sql,9,0.969710
duckdb,query_99.sql,9,0.618974
duckdb,query_1.sql,10,1.039651
duckdb,query_2.sql,10,1.147526
duckdb,query_3.sql,10,1.499510
duckdb,query_4.sql,10,2.015330
duckdb,query_5.sql,10,1.301549
duckdb,query_6.sql,10,0.979526
duckdb,query_7.sql,10,1.689093
duckdb,query_8.sql,10,1.064001
duckdb,query_9.sql,10,0.926381
duckdb,query_10.sql,10,1.133207
duckdb,query_11.sql,10,1.467674
duckdb,query_12.sql,10,0.548969
duckdb,query_13.sql,10,1.626841
duckdb,query_15.sql,10,0.546607
duckdb,query_16.sql,10,0.588516
duckdb,query_17.sql,10,1.559525
duckdb,query_19.sql,10,1.219991
duckdb,query_20.sql,10,0.511149
duckdb,query_21.sql,10,0.455813
duckdb,query_22.sql,10,1.631581
duckdb,query_23.sql,10,1.269842
duckdb,query_24.sql,10,1.330453
duckdb,query_25.sql,10,0.828688
duckdb,query_26.sql,10,0.667070
duckdb,query_28.sql,10,1.148603
duckdb,query_29.sql,10,1.446177
duckdb,query_30.sql,10,0.496556
duckdb,query_31.sql,10,1.123763
duckdb,query_32.sql,10,0.419421
duckdb,query_33.sql,10,1.240263
duckdb,query_34.sql,10,1.075469
duckdb,query_35.sql,10,1.406015
duckdb,query_36.sql,10,1.281714
duckdb,query_37.sql,10,0.688539
duckdb,query_38.sql,10,0.979764
duckdb,query_39.sql,10,0.452799
duckdb,query_40.sql,10,0.596834
duckdb,query_41.sql,10,0.372452
duckdb,query_42.sql,10,1.159635
duckdb,query_43.sql,10,0.804398
duckdb,query_44.sql,10,0.837421
duckdb,query_45.sql,10,0.708788
duckdb,query_46.sql,10,1.613412
duckdb,query_47.sql,10,2.923174
duckdb,query_48.sql,10,1.261245
duckdb,query_49.sql,10,2.083866
duckdb,query_50.sql,10,1.361127
duckdb,query_51.sql,10,1.850547
duckdb,query_52.sql,10,1.094045
duckdb,query_53.sql,10,0.981634
duckdb,query_54.sql,10,1.183776
duckdb,query_55.sql,10,0.972256
duckdb,query_56.sql,10,1.220127
duckdb,query_57.sql,10,1.306626
duckdb,query_59.sql,10,1.460891
duckdb,query_61.sql,10,1.453568
duckdb,query_62.sql,10,0.554267
duckdb,query_63.sql,10,1.019754
duckdb,query_64.sql,10,2.874690
duckdb,query_65.sql,10,1.599956
duckdb,query_66.sql,10,0.810421
duckdb,query_67.sql,10,2.582304
duckdb,query_68.sql,10,1.542548
duckdb,query_69.sql,10,0.879870
duckdb,query_72.sql,10,1.538481
duckdb,query_73.sql,10,0.998684
duckdb,query_74.sql,10,1.323199
duckdb,query_75.sql,10,7.292477
duckdb,query_76.sql,10,1.536389
duckdb,query_77.sql,10,1.128200
duckdb,query_78.sql,10,2.595935
duckdb,query_79.sql,10,1.440208
duckdb,query_80.sql,10,1.930707
duckdb,query_81.sql,10,0.654555
duckdb,query_82.sql,10,0.517336
duckdb,query_84.sql,10,0.667177
duckdb,query_85.sql,10,0.754604
duckdb,query_86.sql,10,0.769491
duckdb,query_87.sql,10,0.989313
duckdb,query_88.sql,10,2.534580
duckdb,query_89.sql,10,1.241296
duckdb,query_90.sql,10,0.644921
duckdb,query_91.sql,10,0.452720
duckdb,query_92.sql,10,0.572476
duckdb,query_93.sql,10,0.712450
duckdb,query_94.sql,10,0.549751
duckdb,query_95.sql,10,1.901022
duckdb,query_96.sql,10,0.964016
duckdb,query_98.sql,10,0.927519
duckdb,query_99.sql,10,0.599799
cedardb,query_1.sql,1,0.147167
cedardb,query_2.sql,1,0.203010
cedardb,query_3.sql,1,0.549514
cedardb,query_4.sql,1,0.591200
cedardb,query_5.sql,1,0.488357
cedardb,query_6.sql,1,0.263485
cedardb,query_7.sql,1,0.829193
cedardb,query_8.sql,1,0.145583
cedardb,query_9.sql,1,0.262090
cedardb,query_10.sql,1,0.159581
cedardb,query_11.sql,1,0.378190
cedardb,query_12.sql,1,0.108451
cedardb,query_13.sql,1,0.172052
cedardb,query_15.sql,1,0.079280
cedardb,query_16.sql,1,0.088897
cedardb,query_17.sql,1,1.128154
cedardb,query_19.sql,1,0.383953
cedardb,query_20.sql,1,0.122061
cedardb,query_21.sql,1,0.275099
cedardb,query_22.sql,1,1.490012
cedardb,query_23.sql,1,0.429775
cedardb,query_24.sql,1,0.516507
cedardb,query_25.sql,1,0.234116
cedardb,query_26.sql,1,0.283238
cedardb,query_28.sql,1,0.229024
cedardb,query_29.sql,1,0.326901
cedardb,query_30.sql,1,0.100611
cedardb,query_31.sql,1,0.187152
cedardb,query_32.sql,1,0.121257
cedardb,query_33.sql,1,0.458064
cedardb,query_34.sql,1,0.143811
cedardb,query_35.sql,1,0.343183
cedardb,query_36.sql,1,0.360134
cedardb,query_37.sql,1,0.147968
cedardb,query_38.sql,1,2.267417
cedardb,query_39.sql,1,0.138025
cedardb,query_40.sql,1,0.107585
cedardb,query_41.sql,1,0.055729
cedardb,query_42.sql,1,0.243348
cedardb,query_43.sql,1,0.094396
cedardb,query_44.sql,1,0.079546
cedardb,query_45.sql,1,0.118623
cedardb,query_46.sql,1,0.191584
cedardb,query_47.sql,1,1.232630
cedardb,query_48.sql,1,0.153699
cedardb,query_49.sql,1,0.822938
cedardb,query_50.sql,1,0.251034
cedardb,query_51.sql,1,0.496312
cedardb,query_52.sql,1,0.346713
cedardb,query_53.sql,1,0.223290
cedardb,query_54.sql,1,0.255091
cedardb,query_55.sql,1,0.203264
cedardb,query_56.sql,1,0.457294
cedardb,query_57.sql,1,0.480709
cedardb,query_59.sql,1,0.257544
cedardb,query_61.sql,1,0.533965
cedardb,query_62.sql,1,0.082869
cedardb,query_63.sql,1,0.219279
cedardb,query_64.sql,1,1.070476
cedardb,query_65.sql,1,0.675050
cedardb,query_66.sql,1,0.136931
cedardb,query_67.sql,1,1.248300
cedardb,query_68.sql,1,0.213967
cedardb,query_69.sql,1,0.143815
cedardb,query_72.sql,1,0.160851
cedardb,query_73.sql,1,0.123878
cedardb,query_74.sql,1,0.399611
cedardb,query_75.sql,1,2.270930
cedardb,query_76.sql,1,0.121728
cedardb,query_77.sql,1,0.179708
cedardb,query_78.sql,1,1.141220
cedardb,query_79.sql,1,0.182609
cedardb,query_80.sql,1,0.423476
cedardb,query_81.sql,1,0.146435
cedardb,query_82.sql,1,0.096843
cedardb,query_84.sql,1,0.161426
cedardb,query_85.sql,1,0.138800
cedardb,query_86.sql,1,0.156187
cedardb,query_87.sql,1,2.239911
cedardb,query_88.sql,1,0.578763
cedardb,query_89.sql,1,0.384832
cedardb,query_90.sql,1,0.111069
cedardb,query_91.sql,1,0.086065
cedardb,query_92.sql,1,0.123280
cedardb,query_93.sql,1,0.033165
cedardb,query_94.sql,1,0.037682
cedardb,query_95.sql,1,0.114778
cedardb,query_96.sql,1,0.112786
cedardb,query_98.sql,1,0.357356
cedardb,query_99.sql,1,0.140901
cedardb,query_1.sql,2,0.135487
cedardb,query_2.sql,2,0.227751
cedardb,query_3.sql,2,0.544750
cedardb,query_4.sql,2,0.890946
cedardb,query_5.sql,2,0.560740
cedardb,query_6.sql,2,0.253024
cedardb,query_7.sql,2,0.841386
cedardb,query_8.sql,2,0.148132
cedardb,query_9.sql,2,0.291307
cedardb,query_10.sql,2,0.175500
cedardb,query_11.sql,2,0.357169
cedardb,query_12.sql,2,0.109312
cedardb,query_13.sql,2,0.217965
cedardb,query_15.sql,2,0.086227
cedardb,query_16.sql,2,0.188839
cedardb,query_17.sql,2,1.333414
cedardb,query_19.sql,2,0.387800
cedardb,query_20.sql,2,0.121967
cedardb,query_21.sql,2,0.163558
cedardb,query_22.sql,2,1.487684
cedardb,query_23.sql,2,0.446934
cedardb,query_24.sql,2,0.524294
cedardb,query_25.sql,2,0.252394
cedardb,query_26.sql,2,0.308395
cedardb,query_28.sql,2,0.280356
cedardb,query_29.sql,2,0.348070
cedardb,query_30.sql,2,0.092992
cedardb,query_31.sql,2,0.179350
cedardb,query_32.sql,2,0.113215
cedardb,query_33.sql,2,0.479820
cedardb,query_34.sql,2,0.146258
cedardb,query_35.sql,2,0.350326
cedardb,query_36.sql,2,0.364063
cedardb,query_37.sql,2,0.154481
cedardb,query_38.sql,2,2.282698
cedardb,query_39.sql,2,0.143188
cedardb,query_40.sql,2,0.105664
cedardb,query_41.sql,2,0.054108
cedardb,query_42.sql,2,0.240195
cedardb,query_43.sql,2,0.094193
cedardb,query_44.sql,2,0.074837
cedardb,query_45.sql,2,0.126117
cedardb,query_46.sql,2,0.194686
cedardb,query_47.sql,2,1.236253
cedardb,query_48.sql,2,0.146634
cedardb,query_49.sql,2,0.836578
cedardb,query_50.sql,2,0.260205
cedardb,query_51.sql,2,0.498454
cedardb,query_52.sql,2,0.339702
cedardb,query_53.sql,2,0.222437
cedardb,query_54.sql,2,0.259930
cedardb,query_55.sql,2,0.206083
cedardb,query_56.sql,2,0.453824
cedardb,query_57.sql,2,0.482208
cedardb,query_59.sql,2,0.254987
cedardb,query_61.sql,2,0.543315
cedardb,query_62.sql,2,0.089991
cedardb,query_63.sql,2,0.224859
cedardb,query_64.sql,2,1.289430
cedardb,query_65.sql,2,0.677450
cedardb,query_66.sql,2,0.157031
cedardb,query_67.sql,2,1.249535
cedardb,query_68.sql,2,0.240982
cedardb,query_69.sql,2,0.145451
cedardb,query_72.sql,2,0.171767
cedardb,query_73.sql,2,0.123275
cedardb,query_74.sql,2,0.374741
cedardb,query_75.sql,2,5.273178
cedardb,query_76.sql,2,0.144203
cedardb,query_77.sql,2,0.181890
cedardb,query_78.sql,2,1.167636
cedardb,query_79.sql,2,0.189854
cedardb,query_80.sql,2,0.445552
cedardb,query_81.sql,2,0.142922
cedardb,query_82.sql,2,0.098264
cedardb,query_84.sql,2,0.158948
cedardb,query_85.sql,2,0.147072
cedardb,query_86.sql,2,0.111330
cedardb,query_87.sql,2,2.236750
cedardb,query_88.sql,2,0.604514
cedardb,query_89.sql,2,0.387594
cedardb,query_90.sql,2,0.103683
cedardb,query_91.sql,2,0.083452
cedardb,query_92.sql,2,0.120786
cedardb,query_93.sql,2,0.034585
cedardb,query_94.sql,2,0.037170
cedardb,query_95.sql,2,0.114888
cedardb,query_96.sql,2,0.113339
cedardb,query_98.sql,2,0.356704
cedardb,query_99.sql,2,0.146844
cedardb,query_1.sql,3,0.143246
cedardb,query_2.sql,3,0.212647
cedardb,query_3.sql,3,0.553348
cedardb,query_4.sql,3,0.607875
cedardb,query_5.sql,3,0.596421
cedardb,query_6.sql,3,0.244354
cedardb,query_7.sql,3,0.828600
cedardb,query_8.sql,3,0.157057
cedardb,query_9.sql,3,0.262290
cedardb,query_10.sql,3,0.162725
cedardb,query_11.sql,3,0.372058
cedardb,query_12.sql,3,0.105265
cedardb,query_13.sql,3,0.168894
cedardb,query_15.sql,3,0.083599
cedardb,query_16.sql,3,0.093092
cedardb,query_17.sql,3,1.077781
cedardb,query_19.sql,3,0.378227
cedardb,query_20.sql,3,0.119939
cedardb,query_21.sql,3,0.151242
cedardb,query_22.sql,3,1.482600
cedardb,query_23.sql,3,0.427655
cedardb,query_24.sql,3,0.524209
cedardb,query_25.sql,3,0.235530
cedardb,query_26.sql,3,0.287955
cedardb,query_28.sql,3,0.178828
cedardb,query_29.sql,3,0.328469
cedardb,query_30.sql,3,0.089239
cedardb,query_31.sql,3,0.181155
cedardb,query_32.sql,3,0.113182
cedardb,query_33.sql,3,0.462292
cedardb,query_34.sql,3,0.145045
cedardb,query_35.sql,3,0.354550
cedardb,query_36.sql,3,0.358574
cedardb,query_37.sql,3,0.155480
cedardb,query_38.sql,3,2.332439
cedardb,query_39.sql,3,0.139629
cedardb,query_40.sql,3,0.104682
cedardb,query_41.sql,3,0.063276
cedardb,query_42.sql,3,0.242189
cedardb,query_43.sql,3,0.093739
cedardb,query_44.sql,3,0.078516
cedardb,query_45.sql,3,0.112653
cedardb,query_46.sql,3,0.190973
cedardb,query_47.sql,3,1.249323
cedardb,query_48.sql,3,0.146632
cedardb,query_49.sql,3,0.822819
cedardb,query_50.sql,3,0.251165
cedardb,query_51.sql,3,0.486884
cedardb,query_52.sql,3,0.334433
cedardb,query_53.sql,3,0.216777
cedardb,query_54.sql,3,0.253335
cedardb,query_55.sql,3,0.195786
cedardb,query_56.sql,3,0.445497
cedardb,query_57.sql,3,0.501677
cedardb,query_59.sql,3,0.258794
cedardb,query_61.sql,3,0.537597
cedardb,query_62.sql,3,0.080115
cedardb,query_63.sql,3,0.207573
cedardb,query_64.sql,3,1.113758
cedardb,query_65.sql,3,0.671637
cedardb,query_66.sql,3,0.127294
cedardb,query_67.sql,3,1.313805
cedardb,query_68.sql,3,0.225826
cedardb,query_69.sql,3,0.151428
cedardb,query_72.sql,3,0.159166
cedardb,query_73.sql,3,0.123783
cedardb,query_74.sql,3,0.364912
cedardb,query_75.sql,3,2.275742
cedardb,query_76.sql,3,0.135340
cedardb,query_77.sql,3,0.183311
cedardb,query_78.sql,3,1.146493
cedardb,query_79.sql,3,0.184623
cedardb,query_80.sql,3,0.419815
cedardb,query_81.sql,3,0.132639
cedardb,query_82.sql,3,0.095572
cedardb,query_84.sql,3,0.160589
cedardb,query_85.sql,3,0.127304
cedardb,query_86.sql,3,0.120174
cedardb,query_87.sql,3,2.241494
cedardb,query_88.sql,3,0.583578
cedardb,query_89.sql,3,0.387988
cedardb,query_90.sql,3,0.106486
cedardb,query_91.sql,3,0.080080
cedardb,query_92.sql,3,0.127843
cedardb,query_93.sql,3,0.038680
cedardb,query_94.sql,3,0.042546
cedardb,query_95.sql,3,0.108510
cedardb,query_96.sql,3,0.110220
cedardb,query_98.sql,3,0.357968
cedardb,query_99.sql,3,0.142088
cedardb,query_1.sql,4,0.131483
cedardb,query_2.sql,4,0.222103
cedardb,query_3.sql,4,0.532676
cedardb,query_4.sql,4,0.658781
cedardb,query_5.sql,4,0.497228
cedardb,query_6.sql,4,0.260755
cedardb,query_7.sql,4,0.829443
cedardb,query_8.sql,4,0.151880
cedardb,query_9.sql,4,0.292541
cedardb,query_10.sql,4,0.163046
cedardb,query_11.sql,4,0.365643
cedardb,query_12.sql,4,0.115190
cedardb,query_13.sql,4,0.188420
cedardb,query_15.sql,4,0.086577
cedardb,query_16.sql,4,0.113152
cedardb,query_17.sql,4,1.132795
cedardb,query_19.sql,4,0.384363
cedardb,query_20.sql,4,0.118651
cedardb,query_21.sql,4,0.139931
cedardb,query_22.sql,4,1.499833
cedardb,query_23.sql,4,0.433134
cedardb,query_24.sql,4,0.520282
cedardb,query_25.sql,4,0.233489
cedardb,query_26.sql,4,0.294205
cedardb,query_28.sql,4,0.190546
cedardb,query_29.sql,4,0.327353
cedardb,query_30.sql,4,0.080934
cedardb,query_31.sql,4,0.175454
cedardb,query_32.sql,4,0.115654
cedardb,query_33.sql,4,0.450018
cedardb,query_34.sql,4,0.146458
cedardb,query_35.sql,4,0.353393
cedardb,query_36.sql,4,0.356550
cedardb,query_37.sql,4,0.157816
cedardb,query_38.sql,4,2.299281
cedardb,query_39.sql,4,0.142424
cedardb,query_40.sql,4,0.104785
cedardb,query_41.sql,4,0.058007
cedardb,query_42.sql,4,0.246960
cedardb,query_43.sql,4,0.096879
cedardb,query_44.sql,4,0.079845
cedardb,query_45.sql,4,0.110271
cedardb,query_46.sql,4,0.193455
cedardb,query_47.sql,4,1.224154
cedardb,query_48.sql,4,0.149768
cedardb,query_49.sql,4,0.818050
cedardb,query_50.sql,4,0.248258
cedardb,query_51.sql,4,0.483656
cedardb,query_52.sql,4,0.337119
cedardb,query_53.sql,4,0.214488
cedardb,query_54.sql,4,0.254495
cedardb,query_55.sql,4,0.197431
cedardb,query_56.sql,4,0.447528
cedardb,query_57.sql,4,0.497650
cedardb,query_59.sql,4,0.260004
cedardb,query_61.sql,4,0.537118
cedardb,query_62.sql,4,0.087000
cedardb,query_63.sql,4,0.215532
cedardb,query_64.sql,4,1.143707
cedardb,query_65.sql,4,0.673740
cedardb,query_66.sql,4,0.134537
cedardb,query_67.sql,4,1.521692
cedardb,query_68.sql,4,0.224304
cedardb,query_69.sql,4,0.152655
cedardb,query_72.sql,4,0.172310
cedardb,query_73.sql,4,0.127278
cedardb,query_74.sql,4,0.369065
cedardb,query_75.sql,4,2.482984
cedardb,query_76.sql,4,0.130644
cedardb,query_77.sql,4,0.186599
cedardb,query_78.sql,4,1.151836
cedardb,query_79.sql,4,0.180847
cedardb,query_80.sql,4,0.432827
cedardb,query_81.sql,4,0.121253
cedardb,query_82.sql,4,0.103135
cedardb,query_84.sql,4,0.149489
cedardb,query_85.sql,4,0.125398
cedardb,query_86.sql,4,0.113606
cedardb,query_87.sql,4,2.189986
cedardb,query_88.sql,4,0.603648
cedardb,query_89.sql,4,0.382612
cedardb,query_90.sql,4,0.120116
cedardb,query_91.sql,4,0.086698
cedardb,query_92.sql,4,0.126189
cedardb,query_93.sql,4,0.032937
cedardb,query_94.sql,4,0.037325
cedardb,query_95.sql,4,0.110935
cedardb,query_96.sql,4,0.111706
cedardb,query_98.sql,4,0.352078
cedardb,query_99.sql,4,0.147993
cedardb,query_1.sql,5,0.133159
cedardb,query_2.sql,5,0.207115
cedardb,query_3.sql,5,0.535060
cedardb,query_4.sql,5,0.593437
cedardb,query_5.sql,5,0.480156
cedardb,query_6.sql,5,0.246465
cedardb,query_7.sql,5,0.814462
cedardb,query_8.sql,5,0.152450
cedardb,query_9.sql,5,0.271845
cedardb,query_10.sql,5,0.164781
cedardb,query_11.sql,5,0.366066
cedardb,query_12.sql,5,0.107906
cedardb,query_13.sql,5,0.172546
cedardb,query_15.sql,5,0.078613
cedardb,query_16.sql,5,0.089266
cedardb,query_17.sql,5,1.090739
cedardb,query_19.sql,5,0.394843
cedardb,query_20.sql,5,0.119969
cedardb,query_21.sql,5,0.147094
cedardb,query_22.sql,5,1.487866
cedardb,query_23.sql,5,0.429750
cedardb,query_24.sql,5,0.495104
cedardb,query_25.sql,5,0.235588
cedardb,query_26.sql,5,0.290840
cedardb,query_28.sql,5,0.236260
cedardb,query_29.sql,5,0.356127
cedardb,query_30.sql,5,0.088632
cedardb,query_31.sql,5,0.187575
cedardb,query_32.sql,5,0.112228
cedardb,query_33.sql,5,0.460491
cedardb,query_34.sql,5,0.147730
cedardb,query_35.sql,5,0.355517
cedardb,query_36.sql,5,0.363203
cedardb,query_37.sql,5,0.148631
cedardb,query_38.sql,5,2.307269
cedardb,query_39.sql,5,0.141191
cedardb,query_40.sql,5,0.107697
cedardb,query_41.sql,5,0.061384
cedardb,query_42.sql,5,0.237808
cedardb,query_43.sql,5,0.095720
cedardb,query_44.sql,5,0.079286
cedardb,query_45.sql,5,0.116176
cedardb,query_46.sql,5,0.200842
cedardb,query_47.sql,5,1.231308
cedardb,query_48.sql,5,0.142952
cedardb,query_49.sql,5,0.817718
cedardb,query_50.sql,5,0.250435
cedardb,query_51.sql,5,0.505056
cedardb,query_52.sql,5,0.332123
cedardb,query_53.sql,5,0.215230
cedardb,query_54.sql,5,0.251391
cedardb,query_55.sql,5,0.196071
cedardb,query_56.sql,5,0.446965
cedardb,query_57.sql,5,0.481275
cedardb,query_59.sql,5,0.252872
cedardb,query_61.sql,5,0.536817
cedardb,query_62.sql,5,0.081076
cedardb,query_63.sql,5,0.215558
cedardb,query_64.sql,5,1.085405
cedardb,query_65.sql,5,0.665698
cedardb,query_66.sql,5,0.124505
cedardb,query_67.sql,5,1.267575
cedardb,query_68.sql,5,0.222514
cedardb,query_69.sql,5,0.148859
cedardb,query_72.sql,5,0.161194
cedardb,query_73.sql,5,0.126653
cedardb,query_74.sql,5,0.370927
cedardb,query_75.sql,5,2.326369
cedardb,query_76.sql,5,0.137810
cedardb,query_77.sql,5,0.174662
cedardb,query_78.sql,5,1.150084
cedardb,query_79.sql,5,0.184863
cedardb,query_80.sql,5,0.414496
cedardb,query_81.sql,5,0.129018
cedardb,query_82.sql,5,0.099424
cedardb,query_84.sql,5,0.152270
cedardb,query_85.sql,5,0.116028
cedardb,query_86.sql,5,0.114734
cedardb,query_87.sql,5,2.214462
cedardb,query_88.sql,5,0.580484
cedardb,query_89.sql,5,0.386733
cedardb,query_90.sql,5,0.098624
cedardb,query_91.sql,5,0.072450
cedardb,query_92.sql,5,0.128218
cedardb,query_93.sql,5,0.038135
cedardb,query_94.sql,5,0.043740
cedardb,query_95.sql,5,0.116566
cedardb,query_96.sql,5,0.109537
cedardb,query_98.sql,5,0.353257
cedardb,query_99.sql,5,0.148331
cedardb,query_1.sql,6,0.133987
cedardb,query_2.sql,6,0.213895
cedardb,query_3.sql,6,0.544523
cedardb,query_4.sql,6,0.626934
cedardb,query_5.sql,6,0.475660
cedardb,query_6.sql,6,0.243150
cedardb,query_7.sql,6,0.835925
cedardb,query_8.sql,6,0.143067
cedardb,query_9.sql,6,0.266103
cedardb,query_10.sql,6,0.160064
cedardb,query_11.sql,6,0.364570
cedardb,query_12.sql,6,0.115519
cedardb,query_13.sql,6,0.184714
cedardb,query_15.sql,6,0.081400
cedardb,query_16.sql,6,0.103883
cedardb,query_17.sql,6,1.127430
cedardb,query_19.sql,6,0.382458
cedardb,query_20.sql,6,0.125191
cedardb,query_21.sql,6,0.125914
cedardb,query_22.sql,6,1.462217
cedardb,query_23.sql,6,0.420462
cedardb,query_24.sql,6,0.511488
cedardb,query_25.sql,6,0.232698
cedardb,query_26.sql,6,0.286936
cedardb,query_28.sql,6,0.185522
cedardb,query_29.sql,6,0.330342
cedardb,query_30.sql,6,0.087635
cedardb,query_31.sql,6,0.183098
cedardb,query_32.sql,6,0.118772
cedardb,query_33.sql,6,0.474151
cedardb,query_34.sql,6,0.144325
cedardb,query_35.sql,6,0.347896
cedardb,query_36.sql,6,0.361200
cedardb,query_37.sql,6,0.154017
cedardb,query_38.sql,6,2.288174
cedardb,query_39.sql,6,0.140161
cedardb,query_40.sql,6,0.103514
cedardb,query_41.sql,6,0.055441
cedardb,query_42.sql,6,0.249354
cedardb,query_43.sql,6,0.095388
cedardb,query_44.sql,6,0.078975
cedardb,query_45.sql,6,0.113003
cedardb,query_46.sql,6,0.189234
cedardb,query_47.sql,6,1.226875
cedardb,query_48.sql,6,0.150536
cedardb,query_49.sql,6,0.806616
cedardb,query_50.sql,6,0.249532
cedardb,query_51.sql,6,0.498757
cedardb,query_52.sql,6,0.335919
cedardb,query_53.sql,6,0.211525
cedardb,query_54.sql,6,0.251939
cedardb,query_55.sql,6,0.196161
cedardb,query_56.sql,6,0.448960
cedardb,query_57.sql,6,0.482350
cedardb,query_59.sql,6,0.252394
cedardb,query_61.sql,6,0.532851
cedardb,query_62.sql,6,0.085428
cedardb,query_63.sql,6,0.214040
cedardb,query_64.sql,6,1.088196
cedardb,query_65.sql,6,0.680783
cedardb,query_66.sql,6,0.140931
cedardb,query_67.sql,6,1.326046
cedardb,query_68.sql,6,0.222524
cedardb,query_69.sql,6,0.147003
cedardb,query_72.sql,6,0.167360
cedardb,query_73.sql,6,0.126118
cedardb,query_74.sql,6,0.366348
cedardb,query_75.sql,6,2.320961
cedardb,query_76.sql,6,0.125863
cedardb,query_77.sql,6,0.174906
cedardb,query_78.sql,6,1.138788
cedardb,query_79.sql,6,0.188246
cedardb,query_80.sql,6,0.422549
cedardb,query_81.sql,6,0.120233
cedardb,query_82.sql,6,0.099069
cedardb,query_84.sql,6,0.144069
cedardb,query_85.sql,6,0.115344
cedardb,query_86.sql,6,0.120383
cedardb,query_87.sql,6,2.221159
cedardb,query_88.sql,6,0.587441
cedardb,query_89.sql,6,0.381254
cedardb,query_90.sql,6,0.100170
cedardb,query_91.sql,6,0.084295
cedardb,query_92.sql,6,0.120113
cedardb,query_93.sql,6,0.035899
cedardb,query_94.sql,6,0.037947
cedardb,query_95.sql,6,0.122062
cedardb,query_96.sql,6,0.111726
cedardb,query_98.sql,6,0.356719
cedardb,query_99.sql,6,0.149745
cedardb,query_1.sql,7,0.131163
cedardb,query_2.sql,7,0.218265
cedardb,query_3.sql,7,0.517973
cedardb,query_4.sql,7,0.589953
cedardb,query_5.sql,7,0.464756
cedardb,query_6.sql,7,0.247537
cedardb,query_7.sql,7,0.806386
cedardb,query_8.sql,7,0.153025
cedardb,query_9.sql,7,0.258472
cedardb,query_10.sql,7,0.161766
cedardb,query_11.sql,7,0.361821
cedardb,query_12.sql,7,0.106802
cedardb,query_13.sql,7,0.173890
cedardb,query_15.sql,7,0.081149
cedardb,query_16.sql,7,0.093269
cedardb,query_17.sql,7,1.074566
cedardb,query_19.sql,7,0.382082
cedardb,query_20.sql,7,0.118245
cedardb,query_21.sql,7,0.121695
cedardb,query_22.sql,7,1.518399
cedardb,query_23.sql,7,0.432247
cedardb,query_24.sql,7,0.506955
cedardb,query_25.sql,7,0.233051
cedardb,query_26.sql,7,0.289260
cedardb,query_28.sql,7,0.197765
cedardb,query_29.sql,7,0.329732
cedardb,query_30.sql,7,0.092233
cedardb,query_31.sql,7,0.180221
cedardb,query_32.sql,7,0.114214
cedardb,query_33.sql,7,0.453039
cedardb,query_34.sql,7,0.145256
cedardb,query_35.sql,7,0.361792
cedardb,query_36.sql,7,0.354222
cedardb,query_37.sql,7,0.150903
cedardb,query_38.sql,7,2.331948
cedardb,query_39.sql,7,0.140534
cedardb,query_40.sql,7,0.104945
cedardb,query_41.sql,7,0.056141
cedardb,query_42.sql,7,0.236706
cedardb,query_43.sql,7,0.096001
cedardb,query_44.sql,7,0.076465
cedardb,query_45.sql,7,0.112376
cedardb,query_46.sql,7,0.199556
cedardb,query_47.sql,7,1.240069
cedardb,query_48.sql,7,0.145692
cedardb,query_49.sql,7,0.813843
cedardb,query_50.sql,7,0.246478
cedardb,query_51.sql,7,0.494627
cedardb,query_52.sql,7,0.328498
cedardb,query_53.sql,7,0.244259
cedardb,query_54.sql,7,0.253098
cedardb,query_55.sql,7,0.192065
cedardb,query_56.sql,7,0.437749
cedardb,query_57.sql,7,0.483848
cedardb,query_59.sql,7,0.256010
cedardb,query_61.sql,7,0.543166
cedardb,query_62.sql,7,0.083153
cedardb,query_63.sql,7,0.219130
cedardb,query_64.sql,7,1.097696
cedardb,query_65.sql,7,0.670356
cedardb,query_66.sql,7,0.132271
cedardb,query_67.sql,7,1.288959
cedardb,query_68.sql,7,0.232745
cedardb,query_69.sql,7,0.147063
cedardb,query_72.sql,7,0.157993
cedardb,query_73.sql,7,0.126952
cedardb,query_74.sql,7,0.365608
cedardb,query_75.sql,7,2.429590
cedardb,query_76.sql,7,0.126967
cedardb,query_77.sql,7,0.193298
cedardb,query_78.sql,7,1.140437
cedardb,query_79.sql,7,0.183693
cedardb,query_80.sql,7,0.423995
cedardb,query_81.sql,7,0.125985
cedardb,query_82.sql,7,0.114416
cedardb,query_84.sql,7,0.162690
cedardb,query_85.sql,7,0.122337
cedardb,query_86.sql,7,0.115886
cedardb,query_87.sql,7,2.233079
cedardb,query_88.sql,7,0.579278
cedardb,query_89.sql,7,0.376938
cedardb,query_90.sql,7,0.099229
cedardb,query_91.sql,7,0.082414
cedardb,query_92.sql,7,0.124697
cedardb,query_93.sql,7,0.038823
cedardb,query_94.sql,7,0.041988
cedardb,query_95.sql,7,0.108684
cedardb,query_96.sql,7,0.110071
cedardb,query_98.sql,7,0.352880
cedardb,query_99.sql,7,0.149515
cedardb,query_1.sql,8,0.134257
cedardb,query_2.sql,8,0.212165
cedardb,query_3.sql,8,0.540048
cedardb,query_4.sql,8,0.581834
cedardb,query_5.sql,8,0.463520
cedardb,query_6.sql,8,0.241484
cedardb,query_7.sql,8,0.870179
cedardb,query_8.sql,8,0.155261
cedardb,query_9.sql,8,0.259874
cedardb,query_10.sql,8,0.153727
cedardb,query_11.sql,8,0.363272
cedardb,query_12.sql,8,0.105579
cedardb,query_13.sql,8,0.172139
cedardb,query_15.sql,8,0.078292
cedardb,query_16.sql,8,0.090821
cedardb,query_17.sql,8,1.074227
cedardb,query_19.sql,8,0.389210
cedardb,query_20.sql,8,0.119176
cedardb,query_21.sql,8,0.145695
cedardb,query_22.sql,8,1.478604
cedardb,query_23.sql,8,0.419395
cedardb,query_24.sql,8,0.497079
cedardb,query_25.sql,8,0.242167
cedardb,query_26.sql,8,0.285736
cedardb,query_28.sql,8,0.213561
cedardb,query_29.sql,8,0.327567
cedardb,query_30.sql,8,0.109115
cedardb,query_31.sql,8,0.181412
cedardb,query_32.sql,8,0.111224
cedardb,query_33.sql,8,0.454715
cedardb,query_34.sql,8,0.144634
cedardb,query_35.sql,8,0.397501
cedardb,query_36.sql,8,0.356682
cedardb,query_37.sql,8,0.148226
cedardb,query_38.sql,8,2.300761
cedardb,query_39.sql,8,0.147121
cedardb,query_40.sql,8,0.104960
cedardb,query_41.sql,8,0.056867
cedardb,query_42.sql,8,0.242156
cedardb,query_43.sql,8,0.112887
cedardb,query_44.sql,8,0.069551
cedardb,query_45.sql,8,0.113260
cedardb,query_46.sql,8,0.233720
cedardb,query_47.sql,8,1.226839
cedardb,query_48.sql,8,0.141995
cedardb,query_49.sql,8,0.805815
cedardb,query_50.sql,8,0.246042
cedardb,query_51.sql,8,0.467097
cedardb,query_52.sql,8,0.334422
cedardb,query_53.sql,8,0.217876
cedardb,query_54.sql,8,0.256648
cedardb,query_55.sql,8,0.200275
cedardb,query_56.sql,8,0.481964
cedardb,query_57.sql,8,0.492850
cedardb,query_59.sql,8,0.257244
cedardb,query_61.sql,8,0.534644
cedardb,query_62.sql,8,0.081520
cedardb,query_63.sql,8,0.218022
cedardb,query_64.sql,8,1.086680
cedardb,query_65.sql,8,0.663242
cedardb,query_66.sql,8,0.127673
cedardb,query_67.sql,8,1.265932
cedardb,query_68.sql,8,0.225196
cedardb,query_69.sql,8,0.169692
cedardb,query_72.sql,8,0.161720
cedardb,query_73.sql,8,0.124930
cedardb,query_74.sql,8,0.388521
cedardb,query_75.sql,8,2.199895
cedardb,query_76.sql,8,0.129557
cedardb,query_77.sql,8,0.185934
cedardb,query_78.sql,8,1.157280
cedardb,query_79.sql,8,0.186358
cedardb,query_80.sql,8,0.440673
cedardb,query_81.sql,8,0.164815
cedardb,query_82.sql,8,0.100527
cedardb,query_84.sql,8,0.144479
cedardb,query_85.sql,8,0.110132
cedardb,query_86.sql,8,0.116276
cedardb,query_87.sql,8,2.185021
cedardb,query_88.sql,8,0.583845
cedardb,query_89.sql,8,0.379684
cedardb,query_90.sql,8,0.101910
cedardb,query_91.sql,8,0.079900
cedardb,query_92.sql,8,0.121366
cedardb,query_93.sql,8,0.039619
cedardb,query_94.sql,8,0.038215
cedardb,query_95.sql,8,0.114057
cedardb,query_96.sql,8,0.109274
cedardb,query_98.sql,8,0.352337
cedardb,query_99.sql,8,0.143218
cedardb,query_1.sql,9,0.129346
cedardb,query_2.sql,9,0.213876
cedardb,query_3.sql,9,0.537078
cedardb,query_4.sql,9,0.642666
cedardb,query_5.sql,9,0.496524
cedardb,query_6.sql,9,0.246185
cedardb,query_7.sql,9,0.821782
cedardb,query_8.sql,9,0.151659
cedardb,query_9.sql,9,0.257881
cedardb,query_10.sql,9,0.162779
cedardb,query_11.sql,9,0.366826
cedardb,query_12.sql,9,0.110010
cedardb,query_13.sql,9,0.187130
cedardb,query_15.sql,9,0.084256
cedardb,query_16.sql,9,0.103309
cedardb,query_17.sql,9,1.074905
cedardb,query_19.sql,9,0.389433
cedardb,query_20.sql,9,0.119950
cedardb,query_21.sql,9,0.126753
cedardb,query_22.sql,9,1.479297
cedardb,query_23.sql,9,0.417337
cedardb,query_24.sql,9,0.499793
cedardb,query_25.sql,9,0.225728
cedardb,query_26.sql,9,0.295061
cedardb,query_28.sql,9,0.195156
cedardb,query_29.sql,9,0.321737
cedardb,query_30.sql,9,0.085341
cedardb,query_31.sql,9,0.185923
cedardb,query_32.sql,9,0.113479
cedardb,query_33.sql,9,0.456269
cedardb,query_34.sql,9,0.143496
cedardb,query_35.sql,9,0.353922
cedardb,query_36.sql,9,0.348385
cedardb,query_37.sql,9,0.155013
cedardb,query_38.sql,9,2.285636
cedardb,query_39.sql,9,0.143015
cedardb,query_40.sql,9,0.102321
cedardb,query_41.sql,9,0.054895
cedardb,query_42.sql,9,0.240389
cedardb,query_43.sql,9,0.093835
cedardb,query_44.sql,9,0.080707
cedardb,query_45.sql,9,0.112563
cedardb,query_46.sql,9,0.202532
cedardb,query_47.sql,9,1.213840
cedardb,query_48.sql,9,0.148137
cedardb,query_49.sql,9,0.821103
cedardb,query_50.sql,9,0.252860
cedardb,query_51.sql,9,0.502766
cedardb,query_52.sql,9,0.337287
cedardb,query_53.sql,9,0.216503
cedardb,query_54.sql,9,0.251755
cedardb,query_55.sql,9,0.196528
cedardb,query_56.sql,9,0.448567
cedardb,query_57.sql,9,0.472210
cedardb,query_59.sql,9,0.255510
cedardb,query_61.sql,9,0.527588
cedardb,query_62.sql,9,0.085903
cedardb,query_63.sql,9,0.216289
cedardb,query_64.sql,9,1.055939
cedardb,query_65.sql,9,0.678936
cedardb,query_66.sql,9,0.145372
cedardb,query_67.sql,9,1.333178
cedardb,query_68.sql,9,0.221632
cedardb,query_69.sql,9,0.149646
cedardb,query_72.sql,9,0.165984
cedardb,query_73.sql,9,0.125059
cedardb,query_74.sql,9,0.372736
cedardb,query_75.sql,9,2.344834
cedardb,query_76.sql,9,0.127776
cedardb,query_77.sql,9,0.182696
cedardb,query_78.sql,9,1.133921
cedardb,query_79.sql,9,0.183759
cedardb,query_80.sql,9,0.423095
cedardb,query_81.sql,9,0.129064
cedardb,query_82.sql,9,0.108368
cedardb,query_84.sql,9,0.147641
cedardb,query_85.sql,9,0.123131
cedardb,query_86.sql,9,0.114684
cedardb,query_87.sql,9,2.237661
cedardb,query_88.sql,9,0.582073
cedardb,query_89.sql,9,0.383077
cedardb,query_90.sql,9,0.104043
cedardb,query_91.sql,9,0.079915
cedardb,query_92.sql,9,0.119465
cedardb,query_93.sql,9,0.034986
cedardb,query_94.sql,9,0.036748
cedardb,query_95.sql,9,0.111044
cedardb,query_96.sql,9,0.112164
cedardb,query_98.sql,9,0.357307
cedardb,query_99.sql,9,0.157353
cedardb,query_1.sql,10,0.127078
cedardb,query_2.sql,10,0.226467
cedardb,query_3.sql,10,0.524123
cedardb,query_4.sql,10,0.634836
cedardb,query_5.sql,10,0.486885
cedardb,query_6.sql,10,0.245572
cedardb,query_7.sql,10,0.821387
cedardb,query_8.sql,10,0.158089
cedardb,query_9.sql,10,0.254687
cedardb,query_10.sql,10,0.152739
cedardb,query_11.sql,10,0.372882
cedardb,query_12.sql,10,0.104065
cedardb,query_13.sql,10,0.173566
cedardb,query_15.sql,10,0.084681
cedardb,query_16.sql,10,0.092530
cedardb,query_17.sql,10,1.119455
cedardb,query_19.sql,10,0.388781
cedardb,query_20.sql,10,0.117113
cedardb,query_21.sql,10,0.115747
cedardb,query_22.sql,10,1.470061
cedardb,query_23.sql,10,0.426833
cedardb,query_24.sql,10,0.509474
cedardb,query_25.sql,10,0.233419
cedardb,query_26.sql,10,0.295640
cedardb,query_28.sql,10,0.229633
cedardb,query_29.sql,10,0.343751
cedardb,query_30.sql,10,0.081900
cedardb,query_31.sql,10,0.193339
cedardb,query_32.sql,10,0.111934
cedardb,query_33.sql,10,0.456683
cedardb,query_34.sql,10,0.147213
cedardb,query_35.sql,10,0.347493
cedardb,query_36.sql,10,0.354464
cedardb,query_37.sql,10,0.155529
cedardb,query_38.sql,10,2.326193
cedardb,query_39.sql,10,0.138126
cedardb,query_40.sql,10,0.102577
cedardb,query_41.sql,10,0.054431
cedardb,query_42.sql,10,0.238987
cedardb,query_43.sql,10,0.096059
cedardb,query_44.sql,10,0.080629
cedardb,query_45.sql,10,0.120683
cedardb,query_46.sql,10,0.199549
cedardb,query_47.sql,10,1.254567
cedardb,query_48.sql,10,0.152933
cedardb,query_49.sql,10,0.813955
cedardb,query_50.sql,10,0.253761
cedardb,query_51.sql,10,0.496721
cedardb,query_52.sql,10,0.334042
cedardb,query_53.sql,10,0.217255
cedardb,query_54.sql,10,0.260032
cedardb,query_55.sql,10,0.194765
cedardb,query_56.sql,10,0.445062
cedardb,query_57.sql,10,0.475082
cedardb,query_59.sql,10,0.258314
cedardb,query_61.sql,10,0.540623
cedardb,query_62.sql,10,0.083044
cedardb,query_63.sql,10,0.215990
cedardb,query_64.sql,10,1.093119
cedardb,query_65.sql,10,0.675402
cedardb,query_66.sql,10,0.133262
cedardb,query_67.sql,10,1.307616
cedardb,query_68.sql,10,0.222753
cedardb,query_69.sql,10,0.149425
cedardb,query_72.sql,10,0.164819
cedardb,query_73.sql,10,0.123632
cedardb,query_74.sql,10,0.375978
cedardb,query_75.sql,10,2.421375
cedardb,query_76.sql,10,0.132481
cedardb,query_77.sql,10,0.183631
cedardb,query_78.sql,10,1.129189
cedardb,query_79.sql,10,0.185065
cedardb,query_80.sql,10,0.422778
cedardb,query_81.sql,10,0.124123
cedardb,query_82.sql,10,0.101139
cedardb,query_84.sql,10,0.148100
cedardb,query_85.sql,10,0.110079
cedardb,query_86.sql,10,0.111273
cedardb,query_87.sql,10,2.243346
cedardb,query_88.sql,10,0.581674
cedardb,query_89.sql,10,0.380768
cedardb,query_90.sql,10,0.098925
cedardb,query_91.sql,10,0.078075
cedardb,query_92.sql,10,0.120589
cedardb,query_93.sql,10,0.037770
cedardb,query_94.sql,10,0.042444
cedardb,query_95.sql,10,0.109297
cedardb,query_96.sql,10,0.113738
cedardb,query_98.sql,10,0.344032
cedardb,query_99.sql,10,0.144261
monetdb,query_1.sql,1,1.715375
monetdb,query_2.sql,1,16.866201
monetdb,query_3.sql,1,1.851528
monetdb,query_4.sql,1,20.204219
monetdb,query_5.sql,1,13.231549
monetdb,query_6.sql,1,3.164426
monetdb,query_7.sql,1,0.382466
monetdb,query_8.sql,1,0.499017
monetdb,query_9.sql,1,0.894587
monetdb,query_10.sql,1,3.798405
monetdb,query_11.sql,1,11.761233
monetdb,query_12.sql,1,0.056045
monetdb,query_13.sql,1,1.621706
monetdb,query_15.sql,1,0.156855
monetdb,query_16.sql,1,0.217700
monetdb,query_17.sql,1,17.320087
monetdb,query_19.sql,1,1.319752
monetdb,query_20.sql,1,0.074671
monetdb,query_21.sql,1,0.283901
monetdb,query_22.sql,1,6.130995
monetdb,query_23.sql,1,12.539827
monetdb,query_24.sql,1,18.798984
monetdb,query_25.sql,1,8.009027
monetdb,query_26.sql,1,0.215739
monetdb,query_28.sql,1,0.288345
monetdb,query_29.sql,1,8.204755
monetdb,query_30.sql,1,0.142710
monetdb,query_31.sql,1,13.950877
monetdb,query_32.sql,1,0.636576
monetdb,query_33.sql,1,1.732784
monetdb,query_34.sql,1,0.337697
monetdb,query_35.sql,1,2.871623
monetdb,query_36.sql,1,0.018723
monetdb,query_37.sql,1,0.557233
monetdb,query_38.sql,1,3.111984
monetdb,query_39.sql,1,9.357491
monetdb,query_40.sql,1,0.756559
monetdb,query_41.sql,1,0.024653
monetdb,query_42.sql,1,1.470805
monetdb,query_43.sql,1,0.271244
monetdb,query_44.sql,1,0.328674
monetdb,query_45.sql,1,0.098420
monetdb,query_46.sql,1,1.406341
monetdb,query_47.sql,1,3.645581
monetdb,query_48.sql,1,1.541272
monetdb,query_49.sql,1,18.318095
monetdb,query_50.sql,1,0.694538
monetdb,query_51.sql,1,3.570550
monetdb,query_52.sql,1,0.857050
monetdb,query_53.sql,1,0.358309
monetdb,query_54.sql,1,2.283620
monetdb,query_55.sql,1,0.118996
monetdb,query_56.sql,1,0.096391
monetdb,query_57.sql,1,0.696821
monetdb,query_59.sql,1,5.236629
monetdb,query_61.sql,1,0.416817
monetdb,query_62.sql,1,0.230090
monetdb,query_63.sql,1,0.355549
monetdb,query_64.sql,1,11.868353
monetdb,query_65.sql,1,5.106879
monetdb,query_66.sql,1,0.625299
monetdb,query_67.sql,1,128.966073
monetdb,query_68.sql,1,1.385468
monetdb,query_69.sql,1,2.407927
monetdb,query_72.sql,1,24.756128
monetdb,query_73.sql,1,0.659127
monetdb,query_74.sql,1,32.234039
monetdb,query_75.sql,1,73.623383
monetdb,query_76.sql,1,1.303855
monetdb,query_77.sql,1,6.218634
monetdb,query_78.sql,1,143.387350
monetdb,query_79.sql,1,0.580168
monetdb,query_80.sql,1,65.823874
monetdb,query_81.sql,1,0.351518
monetdb,query_82.sql,1,0.147189
monetdb,query_84.sql,1,0.157794
monetdb,query_85.sql,1,0.283633
monetdb,query_86.sql,1,0.013586
monetdb,query_87.sql,1,3.017029
monetdb,query_88.sql,1,1.260760
monetdb,query_89.sql,1,0.365588
monetdb,query_90.sql,1,0.139635
monetdb,query_91.sql,1,0.057813
monetdb,query_92.sql,1,0.135685
monetdb,query_93.sql,1,17.243096
monetdb,query_94.sql,1,0.283253
monetdb,query_95.sql,1,689.357554
monetdb,query_96.sql,1,0.288617
monetdb,query_98.sql,1,0.413578
monetdb,query_99.sql,1,0.872987
monetdb,query_1.sql,2,1.062937
monetdb,query_2.sql,2,16.554051
monetdb,query_3.sql,2,1.673990
monetdb,query_4.sql,2,19.649835
monetdb,query_5.sql,2,22.268595
monetdb,query_6.sql,2,2.442821
monetdb,query_7.sql,2,0.422431
monetdb,query_8.sql,2,0.795684
monetdb,query_9.sql,2,0.692775
monetdb,query_10.sql,2,2.465001
monetdb,query_11.sql,2,10.715508
monetdb,query_12.sql,2,0.185027
monetdb,query_13.sql,2,1.135312
monetdb,query_15.sql,2,0.132516
monetdb,query_16.sql,2,0.095849
monetdb,query_17.sql,2,14.417716
monetdb,query_19.sql,2,1.872989
monetdb,query_20.sql,2,0.114807
monetdb,query_21.sql,2,0.291444
monetdb,query_22.sql,2,5.628129
monetdb,query_23.sql,2,12.095659
monetdb,query_24.sql,2,15.955656
monetdb,query_25.sql,2,8.093042
monetdb,query_26.sql,2,0.213488
monetdb,query_28.sql,2,0.289800
monetdb,query_29.sql,2,7.611808
monetdb,query_30.sql,2,0.151593
monetdb,query_31.sql,2,13.840170
monetdb,query_32.sql,2,0.507406
monetdb,query_33.sql,2,0.729947
monetdb,query_34.sql,2,0.386635
monetdb,query_35.sql,2,2.103016
monetdb,query_36.sql,2,0.016123
monetdb,query_37.sql,2,0.549800
monetdb,query_38.sql,2,3.012350
monetdb,query_39.sql,2,9.917532
monetdb,query_40.sql,2,0.847933
monetdb,query_41.sql,2,0.220180
monetdb,query_42.sql,2,1.197474
monetdb,query_43.sql,2,0.286694
monetdb,query_44.sql,2,0.327920
monetdb,query_45.sql,2,0.117233
monetdb,query_46.sql,2,1.299292
monetdb,query_47.sql,2,3.619781
monetdb,query_48.sql,2,1.230416
monetdb,query_49.sql,2,22.722962
monetdb,query_50.sql,2,0.540791
monetdb,query_51.sql,2,3.112203
monetdb,query_52.sql,2,0.774242
monetdb,query_53.sql,2,0.371378
monetdb,query_54.sql,2,1.709873
monetdb,query_55.sql,2,0.121984
monetdb,query_56.sql,2,0.104876
monetdb,query_57.sql,2,0.627586
monetdb,query_59.sql,2,5.005286
monetdb,query_61.sql,2,0.433400
monetdb,query_62.sql,2,0.235280
monetdb,query_63.sql,2,0.359356
monetdb,query_64.sql,2,13.795602
monetdb,query_65.sql,2,4.495354
monetdb,query_66.sql,2,0.678009
monetdb,query_67.sql,2,199.549102
monetdb,query_68.sql,2,1.342405
monetdb,query_69.sql,2,1.962966
monetdb,query_72.sql,2,25.261223
monetdb,query_73.sql,2,0.612055
monetdb,query_74.sql,2,31.383879
monetdb,query_75.sql,2,72.059338
monetdb,query_76.sql,2,0.882285
monetdb,query_77.sql,2,6.433741
monetdb,query_78.sql,2,147.925645
monetdb,query_79.sql,2,0.554803
monetdb,query_80.sql,2,97.829294
monetdb,query_81.sql,2,0.318906
monetdb,query_82.sql,2,0.140728
monetdb,query_84.sql,2,0.140561
monetdb,query_85.sql,2,0.282500
monetdb,query_86.sql,2,0.014222
monetdb,query_87.sql,2,3.104622
monetdb,query_88.sql,2,1.399292
monetdb,query_89.sql,2,0.354540
monetdb,query_90.sql,2,0.144040
monetdb,query_91.sql,2,0.054882
monetdb,query_92.sql,2,0.136573
monetdb,query_93.sql,2,17.941161
monetdb,query_94.sql,2,0.281620
monetdb,query_95.sql,2,720.299735
monetdb,query_96.sql,2,0.302496
monetdb,query_98.sql,2,0.371541
monetdb,query_99.sql,2,0.898216
monetdb,query_1.sql,3,1.019668
monetdb,query_2.sql,3,15.854715
monetdb,query_3.sql,3,1.972418
monetdb,query_4.sql,3,18.612550
monetdb,query_5.sql,3,11.528850
monetdb,query_6.sql,3,2.035263
monetdb,query_7.sql,3,0.419364
monetdb,query_8.sql,3,0.488647
monetdb,query_9.sql,3,0.898582
monetdb,query_10.sql,3,2.503965
monetdb,query_11.sql,3,11.462464
monetdb,query_12.sql,3,0.180987
monetdb,query_13.sql,3,0.929477
monetdb,query_15.sql,3,0.154809
monetdb,query_16.sql,3,0.069759
monetdb,query_17.sql,3,16.650743
monetdb,query_19.sql,3,0.902036
monetdb,query_20.sql,3,0.098305
monetdb,query_21.sql,3,0.286266
monetdb,query_22.sql,3,5.932713
monetdb,query_23.sql,3,12.208898
monetdb,query_24.sql,3,15.659135
monetdb,query_25.sql,3,7.743655
monetdb,query_26.sql,3,0.216489
monetdb,query_28.sql,3,0.286600
monetdb,query_29.sql,3,7.760375
monetdb,query_30.sql,3,0.172726
monetdb,query_31.sql,3,13.089530
monetdb,query_32.sql,3,0.388723
monetdb,query_33.sql,3,0.313701
monetdb,query_34.sql,3,0.811684
monetdb,query_35.sql,3,2.352592
monetdb,query_36.sql,3,0.014781
monetdb,query_37.sql,3,0.527229
monetdb,query_38.sql,3,3.189409
monetdb,query_39.sql,3,8.936799
monetdb,query_40.sql,3,0.810496
monetdb,query_41.sql,3,0.028775
monetdb,query_42.sql,3,1.101149
monetdb,query_43.sql,3,0.289346
monetdb,query_44.sql,3,0.360340
monetdb,query_45.sql,3,0.087871
monetdb,query_46.sql,3,1.518962
monetdb,query_47.sql,3,4.004906
monetdb,query_48.sql,3,0.959626
monetdb,query_49.sql,3,25.954666
monetdb,query_50.sql,3,0.557147
monetdb,query_51.sql,3,2.808049
monetdb,query_52.sql,3,0.858052
monetdb,query_53.sql,3,0.355559
monetdb,query_54.sql,3,1.705768
monetdb,query_55.sql,3,0.112655
monetdb,query_56.sql,3,0.106262
monetdb,query_57.sql,3,0.635217
monetdb,query_59.sql,3,4.659323
monetdb,query_61.sql,3,0.479334
monetdb,query_62.sql,3,0.221932
monetdb,query_63.sql,3,0.356727
monetdb,query_64.sql,3,11.476856
monetdb,query_65.sql,3,4.364162
monetdb,query_66.sql,3,0.837196
monetdb,query_67.sql,3,163.278821
monetdb,query_68.sql,3,1.426814
monetdb,query_69.sql,3,1.862667
monetdb,query_72.sql,3,24.372591
monetdb,query_73.sql,3,0.663950
monetdb,query_74.sql,3,42.627889
monetdb,query_75.sql,3,77.780177
monetdb,query_76.sql,3,0.824654
monetdb,query_77.sql,3,6.414878
monetdb,query_78.sql,3,129.562401
monetdb,query_79.sql,3,0.564661
monetdb,query_80.sql,3,94.092643
monetdb,query_81.sql,3,0.360854
monetdb,query_82.sql,3,0.133996
monetdb,query_84.sql,3,0.139271
monetdb,query_85.sql,3,0.288691
monetdb,query_86.sql,3,0.014346
monetdb,query_87.sql,3,3.058595
monetdb,query_88.sql,3,1.440040
monetdb,query_89.sql,3,0.369861
monetdb,query_90.sql,3,0.149605
monetdb,query_91.sql,3,0.056027
monetdb,query_92.sql,3,0.142506
monetdb,query_93.sql,3,17.739156
monetdb,query_94.sql,3,0.255868
monetdb,query_95.sql,3,671.676899
monetdb,query_96.sql,3,0.288292
monetdb,query_98.sql,3,0.335967
monetdb,query_99.sql,3,0.962121
monetdb,query_1.sql,4,1.030164
monetdb,query_2.sql,4,16.280457
monetdb,query_3.sql,4,1.685752
monetdb,query_4.sql,4,19.136074
monetdb,query_5.sql,4,15.713102
monetdb,query_6.sql,4,2.559591
monetdb,query_7.sql,4,0.415791
monetdb,query_8.sql,4,0.654402
monetdb,query_9.sql,4,0.701179
monetdb,query_10.sql,4,2.562147
monetdb,query_11.sql,4,11.388285
monetdb,query_12.sql,4,0.187552
monetdb,query_13.sql,4,0.922250
monetdb,query_15.sql,4,0.127341
monetdb,query_16.sql,4,0.072815
monetdb,query_17.sql,4,15.108629
monetdb,query_19.sql,4,0.921340
monetdb,query_20.sql,4,0.093749
monetdb,query_21.sql,4,0.248170
monetdb,query_22.sql,4,5.878585
monetdb,query_23.sql,4,12.144781
monetdb,query_24.sql,4,18.155902
monetdb,query_25.sql,4,8.225207
monetdb,query_26.sql,4,0.216118
monetdb,query_28.sql,4,0.292997
monetdb,query_29.sql,4,8.932506
monetdb,query_30.sql,4,0.174528
monetdb,query_31.sql,4,12.566965
monetdb,query_32.sql,4,0.403110
monetdb,query_33.sql,4,1.299451
monetdb,query_34.sql,4,0.345680
monetdb,query_35.sql,4,2.361404
monetdb,query_36.sql,4,0.015691
monetdb,query_37.sql,4,0.725397
monetdb,query_38.sql,4,3.030540
monetdb,query_39.sql,4,9.497077
monetdb,query_40.sql,4,0.817693
monetdb,query_41.sql,4,0.023399
monetdb,query_42.sql,4,1.035303
monetdb,query_43.sql,4,0.295068
monetdb,query_44.sql,4,0.309864
monetdb,query_45.sql,4,0.107211
monetdb,query_46.sql,4,1.528218
monetdb,query_47.sql,4,3.843096
monetdb,query_48.sql,4,0.924498
monetdb,query_49.sql,4,17.848123
monetdb,query_50.sql,4,0.557834
monetdb,query_51.sql,4,2.942340
monetdb,query_52.sql,4,0.822263
monetdb,query_53.sql,4,0.376624
monetdb,query_54.sql,4,2.173132
monetdb,query_55.sql,4,0.115411
monetdb,query_56.sql,4,0.097176
monetdb,query_57.sql,4,0.787472
monetdb,query_59.sql,4,4.491013
monetdb,query_61.sql,4,0.452044
monetdb,query_62.sql,4,0.232372
monetdb,query_63.sql,4,0.352757
monetdb,query_64.sql,4,10.954832
monetdb,query_65.sql,4,5.063280
monetdb,query_66.sql,4,0.704642
monetdb,query_67.sql,4,179.372437
monetdb,query_68.sql,4,1.343368
monetdb,query_69.sql,4,1.709810
monetdb,query_72.sql,4,25.925854
monetdb,query_73.sql,4,0.658551
monetdb,query_74.sql,4,31.856997
monetdb,query_75.sql,4,65.558478
monetdb,query_76.sql,4,0.919229
monetdb,query_77.sql,4,6.206535
monetdb,query_78.sql,4,134.649090
monetdb,query_79.sql,4,0.547438
monetdb,query_80.sql,4,94.069149
monetdb,query_81.sql,4,0.427305
monetdb,query_82.sql,4,0.150357
monetdb,query_84.sql,4,0.149948
monetdb,query_85.sql,4,0.272373
monetdb,query_86.sql,4,0.013797
monetdb,query_87.sql,4,2.970273
monetdb,query_88.sql,4,1.278583
monetdb,query_89.sql,4,0.346948
monetdb,query_90.sql,4,0.149057
monetdb,query_91.sql,4,0.055403
monetdb,query_92.sql,4,0.136290
monetdb,query_93.sql,4,18.355793
monetdb,query_94.sql,4,0.257680
monetdb,query_95.sql,4,664.791860
monetdb,query_96.sql,4,0.307974
monetdb,query_98.sql,4,0.384773
monetdb,query_99.sql,4,0.914450
monetdb,query_1.sql,5,1.062522
monetdb,query_2.sql,5,16.358269
monetdb,query_3.sql,5,1.603305
monetdb,query_4.sql,5,26.312315
monetdb,query_5.sql,5,11.550310
monetdb,query_6.sql,5,2.479849
monetdb,query_7.sql,5,0.429933
monetdb,query_8.sql,5,0.630218
monetdb,query_9.sql,5,0.626735
monetdb,query_10.sql,5,2.451555
monetdb,query_11.sql,5,10.902447
monetdb,query_12.sql,5,0.197487
monetdb,query_13.sql,5,0.883199
monetdb,query_15.sql,5,0.121994
monetdb,query_16.sql,5,0.083707
monetdb,query_17.sql,5,14.336137
monetdb,query_19.sql,5,0.861828
monetdb,query_20.sql,5,0.077997
monetdb,query_21.sql,5,0.225142
monetdb,query_22.sql,5,5.740697
monetdb,query_23.sql,5,14.490197
monetdb,query_24.sql,5,15.104048
monetdb,query_25.sql,5,8.543388
monetdb,query_26.sql,5,0.236892
monetdb,query_28.sql,5,0.295320
monetdb,query_29.sql,5,7.976051
monetdb,query_30.sql,5,0.152342
monetdb,query_31.sql,5,12.852217
monetdb,query_32.sql,5,0.409855
monetdb,query_33.sql,5,1.643847
monetdb,query_34.sql,5,0.340134
monetdb,query_35.sql,5,2.647379
monetdb,query_36.sql,5,0.013652
monetdb,query_37.sql,5,0.554967
monetdb,query_38.sql,5,2.796286
monetdb,query_39.sql,5,9.191126
monetdb,query_40.sql,5,0.796099
monetdb,query_41.sql,5,0.024943
monetdb,query_42.sql,5,0.987223
monetdb,query_43.sql,5,0.278926
monetdb,query_44.sql,5,0.330225
monetdb,query_45.sql,5,0.112923
monetdb,query_46.sql,5,1.374981
monetdb,query_47.sql,5,3.310753
monetdb,query_48.sql,5,1.715349
monetdb,query_49.sql,5,24.331927
monetdb,query_50.sql,5,0.533587
monetdb,query_51.sql,5,2.775570
monetdb,query_52.sql,5,0.836404
monetdb,query_53.sql,5,0.353397
monetdb,query_54.sql,5,1.667309
monetdb,query_55.sql,5,0.109936
monetdb,query_56.sql,5,0.110456
monetdb,query_57.sql,5,0.807245
monetdb,query_59.sql,5,4.543731
monetdb,query_61.sql,5,0.450929
monetdb,query_62.sql,5,0.238701
monetdb,query_63.sql,5,0.358209
monetdb,query_64.sql,5,13.126726
monetdb,query_65.sql,5,4.781901
monetdb,query_66.sql,5,0.810153
monetdb,query_67.sql,5,163.684489
monetdb,query_68.sql,5,1.182115
monetdb,query_69.sql,5,1.823572
monetdb,query_72.sql,5,26.342169
monetdb,query_73.sql,5,0.643152
monetdb,query_74.sql,5,42.046347
monetdb,query_75.sql,5,65.523814
monetdb,query_76.sql,5,0.886574
monetdb,query_77.sql,5,6.341831
monetdb,query_78.sql,5,157.221618
monetdb,query_79.sql,5,0.526750
monetdb,query_80.sql,5,86.551544
monetdb,query_81.sql,5,0.396764
monetdb,query_82.sql,5,0.130752
monetdb,query_84.sql,5,0.148418
monetdb,query_85.sql,5,0.276256
monetdb,query_86.sql,5,0.013844
monetdb,query_87.sql,5,3.290811
monetdb,query_88.sql,5,1.227071
monetdb,query_89.sql,5,0.354112
monetdb,query_90.sql,5,0.145267
monetdb,query_91.sql,5,0.058989
monetdb,query_92.sql,5,0.142478
monetdb,query_93.sql,5,16.947267
monetdb,query_94.sql,5,0.231563
monetdb,query_95.sql,5,668.398959
monetdb,query_96.sql,5,0.270881
monetdb,query_98.sql,5,0.437609
monetdb,query_99.sql,5,0.832764
monetdb,query_1.sql,6,1.173319
monetdb,query_2.sql,6,15.428805
monetdb,query_3.sql,6,1.780055
monetdb,query_4.sql,6,19.542650
monetdb,query_5.sql,6,11.439927
monetdb,query_6.sql,6,1.886886
monetdb,query_7.sql,6,0.437275
monetdb,query_8.sql,6,0.488591
monetdb,query_9.sql,6,0.981875
monetdb,query_10.sql,6,2.425806
monetdb,query_11.sql,6,10.146709
monetdb,query_12.sql,6,0.182011
monetdb,query_13.sql,6,0.871212
monetdb,query_15.sql,6,0.115537
monetdb,query_16.sql,6,0.060676
monetdb,query_17.sql,6,14.288521
monetdb,query_19.sql,6,0.914313
monetdb,query_20.sql,6,0.088535
monetdb,query_21.sql,6,0.322746
monetdb,query_22.sql,6,5.751987
monetdb,query_23.sql,6,12.514450
monetdb,query_24.sql,6,16.270699
monetdb,query_25.sql,6,8.243032
monetdb,query_26.sql,6,0.246008
monetdb,query_28.sql,6,0.285039
monetdb,query_29.sql,6,8.240052
monetdb,query_30.sql,6,0.174850
monetdb,query_31.sql,6,13.054162
monetdb,query_32.sql,6,0.486837
monetdb,query_33.sql,6,0.301810
monetdb,query_34.sql,6,0.358361
monetdb,query_35.sql,6,2.122873
monetdb,query_36.sql,6,0.016438
monetdb,query_37.sql,6,0.546073
monetdb,query_38.sql,6,2.601578
monetdb,query_39.sql,6,8.809226
monetdb,query_40.sql,6,0.765115
monetdb,query_41.sql,6,0.027410
monetdb,query_42.sql,6,0.945827
monetdb,query_43.sql,6,0.262839
monetdb,query_44.sql,6,0.294415
monetdb,query_45.sql,6,0.108316
monetdb,query_46.sql,6,1.477450
monetdb,query_47.sql,6,3.248090
monetdb,query_48.sql,6,0.875412
monetdb,query_49.sql,6,17.096098
monetdb,query_50.sql,6,0.497074
monetdb,query_51.sql,6,2.549482
monetdb,query_52.sql,6,0.847194
monetdb,query_53.sql,6,0.365839
monetdb,query_54.sql,6,2.421318
monetdb,query_55.sql,6,0.812558
monetdb,query_56.sql,6,0.143939
monetdb,query_57.sql,6,0.645826
monetdb,query_59.sql,6,4.612924
monetdb,query_61.sql,6,0.431654
monetdb,query_62.sql,6,0.226991
monetdb,query_63.sql,6,0.355990
monetdb,query_64.sql,6,12.334989
monetdb,query_65.sql,6,4.411248
monetdb,query_66.sql,6,0.575240
monetdb,query_67.sql,6,158.951185
monetdb,query_68.sql,6,1.300474
monetdb,query_69.sql,6,1.738830
monetdb,query_72.sql,6,24.633069
monetdb,query_73.sql,6,0.839028
monetdb,query_74.sql,6,31.567340
monetdb,query_75.sql,6,66.385221
monetdb,query_76.sql,6,0.822332
monetdb,query_77.sql,6,6.435756
monetdb,query_78.sql,6,148.053077
monetdb,query_79.sql,6,0.560316
monetdb,query_80.sql,6,97.089486
monetdb,query_81.sql,6,0.315953
monetdb,query_82.sql,6,0.138636
monetdb,query_84.sql,6,0.155324
monetdb,query_85.sql,6,0.278878
monetdb,query_86.sql,6,0.013690
monetdb,query_87.sql,6,3.435420
monetdb,query_88.sql,6,1.213860
monetdb,query_89.sql,6,0.357546
monetdb,query_90.sql,6,0.133632
monetdb,query_91.sql,6,0.057358
monetdb,query_92.sql,6,0.132292
monetdb,query_93.sql,6,17.776005
monetdb,query_94.sql,6,0.377390
monetdb,query_95.sql,6,714.677883
monetdb,query_96.sql,6,0.287620
monetdb,query_98.sql,6,0.395220
monetdb,query_99.sql,6,0.926787
monetdb,query_1.sql,7,1.177695
monetdb,query_2.sql,7,16.509119
monetdb,query_3.sql,7,1.494004
monetdb,query_4.sql,7,19.729594
monetdb,query_5.sql,7,21.793044
monetdb,query_6.sql,7,1.774125
monetdb,query_7.sql,7,0.413076
monetdb,query_8.sql,7,0.682030
monetdb,query_9.sql,7,0.962450
monetdb,query_10.sql,7,2.416776
monetdb,query_11.sql,7,11.639041
monetdb,query_12.sql,7,0.057972
monetdb,query_13.sql,7,0.896106
monetdb,query_15.sql,7,0.141236
monetdb,query_16.sql,7,0.097507
monetdb,query_17.sql,7,14.436452
monetdb,query_19.sql,7,0.181608
monetdb,query_20.sql,7,0.096547
monetdb,query_21.sql,7,0.303598
monetdb,query_22.sql,7,5.943830
monetdb,query_23.sql,7,12.925291
monetdb,query_24.sql,7,15.959361
monetdb,query_25.sql,7,7.638980
monetdb,query_26.sql,7,0.246552
monetdb,query_28.sql,7,0.290991
monetdb,query_29.sql,7,7.692445
monetdb,query_30.sql,7,0.216714
monetdb,query_31.sql,7,13.137055
monetdb,query_32.sql,7,0.375151
monetdb,query_33.sql,7,0.258463
monetdb,query_34.sql,7,0.420372
monetdb,query_35.sql,7,2.220533
monetdb,query_36.sql,7,0.016178
monetdb,query_37.sql,7,0.523748
monetdb,query_38.sql,7,2.785212
monetdb,query_39.sql,7,9.235191
monetdb,query_40.sql,7,0.792477
monetdb,query_41.sql,7,0.024134
monetdb,query_42.sql,7,1.036318
monetdb,query_43.sql,7,0.292918
monetdb,query_44.sql,7,0.323446
monetdb,query_45.sql,7,0.094736
monetdb,query_46.sql,7,1.453168
monetdb,query_47.sql,7,3.335842
monetdb,query_48.sql,7,0.894869
monetdb,query_49.sql,7,23.908262
monetdb,query_50.sql,7,0.541151
monetdb,query_51.sql,7,2.792280
monetdb,query_52.sql,7,0.844191
monetdb,query_53.sql,7,0.358221
monetdb,query_54.sql,7,1.973546
monetdb,query_55.sql,7,0.108868
monetdb,query_56.sql,7,0.150361
monetdb,query_57.sql,7,0.585619
monetdb,query_59.sql,7,4.468441
monetdb,query_61.sql,7,0.422394
monetdb,query_62.sql,7,0.226969
monetdb,query_63.sql,7,0.352173
monetdb,query_64.sql,7,9.780444
monetdb,query_65.sql,7,5.065414
monetdb,query_66.sql,7,0.765626
monetdb,query_67.sql,7,199.035664
monetdb,query_68.sql,7,1.197682
monetdb,query_69.sql,7,1.709158
monetdb,query_72.sql,7,27.111775
monetdb,query_73.sql,7,0.866183
monetdb,query_74.sql,7,42.625979
monetdb,query_75.sql,7,66.414268
monetdb,query_76.sql,7,0.907120
monetdb,query_77.sql,7,6.504939
monetdb,query_78.sql,7,154.299296
monetdb,query_79.sql,7,0.550438
monetdb,query_80.sql,7,63.286427
monetdb,query_81.sql,7,0.355271
monetdb,query_82.sql,7,0.154010
monetdb,query_84.sql,7,0.141811
monetdb,query_85.sql,7,0.279124
monetdb,query_86.sql,7,0.012958
monetdb,query_87.sql,7,3.514302
monetdb,query_88.sql,7,1.219674
monetdb,query_89.sql,7,0.356104
monetdb,query_90.sql,7,0.132741
monetdb,query_91.sql,7,0.061791
monetdb,query_92.sql,7,0.131761
monetdb,query_93.sql,7,17.782654
monetdb,query_94.sql,7,0.251499
monetdb,query_95.sql,7,666.281376
monetdb,query_96.sql,7,0.285815
monetdb,query_98.sql,7,0.376931
monetdb,query_99.sql,7,0.987218
monetdb,query_1.sql,8,0.933358
monetdb,query_2.sql,8,16.534265
monetdb,query_3.sql,8,1.553234
monetdb,query_4.sql,8,19.199614
monetdb,query_5.sql,8,21.838884
monetdb,query_6.sql,8,1.749638
monetdb,query_7.sql,8,0.362886
monetdb,query_8.sql,8,0.624189
monetdb,query_9.sql,8,0.897265
monetdb,query_10.sql,8,2.519606
monetdb,query_11.sql,8,10.249080
monetdb,query_12.sql,8,0.182137
monetdb,query_13.sql,8,0.844415
monetdb,query_15.sql,8,0.116445
monetdb,query_16.sql,8,0.056120
monetdb,query_17.sql,8,14.896072
monetdb,query_19.sql,8,0.860758
monetdb,query_20.sql,8,0.525575
monetdb,query_21.sql,8,0.257392
monetdb,query_22.sql,8,5.812196
monetdb,query_23.sql,8,12.372353
monetdb,query_24.sql,8,16.062037
monetdb,query_25.sql,8,8.385425
monetdb,query_26.sql,8,0.241265
monetdb,query_28.sql,8,0.285190
monetdb,query_29.sql,8,7.649245
monetdb,query_30.sql,8,0.185945
monetdb,query_31.sql,8,12.536763
monetdb,query_32.sql,8,0.420208
monetdb,query_33.sql,8,0.241316
monetdb,query_34.sql,8,0.438129
monetdb,query_35.sql,8,2.180291
monetdb,query_36.sql,8,0.014261
monetdb,query_37.sql,8,0.533033
monetdb,query_38.sql,8,2.746713
monetdb,query_39.sql,8,9.211046
monetdb,query_40.sql,8,0.786645
monetdb,query_41.sql,8,0.029283
monetdb,query_42.sql,8,1.020644
monetdb,query_43.sql,8,0.284535
monetdb,query_44.sql,8,0.275129
monetdb,query_45.sql,8,0.087152
monetdb,query_46.sql,8,1.690226
monetdb,query_47.sql,8,3.324476
monetdb,query_48.sql,8,0.878690
monetdb,query_49.sql,8,17.941614
monetdb,query_50.sql,8,0.530425
monetdb,query_51.sql,8,2.574562
monetdb,query_52.sql,8,0.841926
monetdb,query_53.sql,8,0.375083
monetdb,query_54.sql,8,2.257586
monetdb,query_55.sql,8,0.111478
monetdb,query_56.sql,8,0.096021
monetdb,query_57.sql,8,0.546389
monetdb,query_59.sql,8,4.597291
monetdb,query_61.sql,8,0.453201
monetdb,query_62.sql,8,0.232529
monetdb,query_63.sql,8,0.357187
monetdb,query_64.sql,8,12.850755
monetdb,query_65.sql,8,4.871186
monetdb,query_66.sql,8,0.597477
monetdb,query_67.sql,8,183.799452
monetdb,query_68.sql,8,1.373782
monetdb,query_69.sql,8,1.921179
monetdb,query_72.sql,8,26.298125
monetdb,query_73.sql,8,0.605221
monetdb,query_74.sql,8,42.071737
monetdb,query_75.sql,8,68.751413
monetdb,query_76.sql,8,1.446564
monetdb,query_77.sql,8,6.316573
monetdb,query_78.sql,8,144.485562
monetdb,query_79.sql,8,0.559107
monetdb,query_80.sql,8,70.623103
monetdb,query_81.sql,8,0.298125
monetdb,query_82.sql,8,0.168062
monetdb,query_84.sql,8,0.136732
monetdb,query_85.sql,8,0.289634
monetdb,query_86.sql,8,0.013155
monetdb,query_87.sql,8,3.228963
monetdb,query_88.sql,8,1.401317
monetdb,query_89.sql,8,0.909713
monetdb,query_90.sql,8,0.155830
monetdb,query_91.sql,8,0.054985
monetdb,query_92.sql,8,0.151662
monetdb,query_93.sql,8,17.439991
monetdb,query_94.sql,8,0.211349
monetdb,query_95.sql,8,691.929236
monetdb,query_96.sql,8,0.285958
monetdb,query_98.sql,8,0.460326
monetdb,query_99.sql,8,0.846661
monetdb,query_1.sql,9,1.256929
monetdb,query_2.sql,9,15.918186
monetdb,query_3.sql,9,1.605740
monetdb,query_4.sql,9,18.742041
monetdb,query_5.sql,9,17.198250
monetdb,query_6.sql,9,1.740410
monetdb,query_7.sql,9,0.433832
monetdb,query_8.sql,9,0.674395
monetdb,query_9.sql,9,0.893920
monetdb,query_10.sql,9,2.687085
monetdb,query_11.sql,9,10.700790
monetdb,query_12.sql,9,0.059838
monetdb,query_13.sql,9,0.892115
monetdb,query_15.sql,9,0.146997
monetdb,query_16.sql,9,0.063698
monetdb,query_17.sql,9,15.091927
monetdb,query_19.sql,9,4.834941
monetdb,query_20.sql,9,0.088231
monetdb,query_21.sql,9,0.289361
monetdb,query_22.sql,9,5.686283
monetdb,query_23.sql,9,12.615565
monetdb,query_24.sql,9,16.505078
monetdb,query_25.sql,9,8.120218
monetdb,query_26.sql,9,0.240734
monetdb,query_28.sql,9,0.277106
monetdb,query_29.sql,9,7.925119
monetdb,query_30.sql,9,0.162617
monetdb,query_31.sql,9,13.331485
monetdb,query_32.sql,9,0.428898
monetdb,query_33.sql,9,1.147382
monetdb,query_34.sql,9,0.333379
monetdb,query_35.sql,9,2.356014
monetdb,query_36.sql,9,0.015585
monetdb,query_37.sql,9,0.542744
monetdb,query_38.sql,9,3.279851
monetdb,query_39.sql,9,9.630120
monetdb,query_40.sql,9,0.762314
monetdb,query_41.sql,9,0.028876
monetdb,query_42.sql,9,0.894491
monetdb,query_43.sql,9,0.273140
monetdb,query_44.sql,9,0.268633
monetdb,query_45.sql,9,0.102607
monetdb,query_46.sql,9,1.368768
monetdb,query_47.sql,9,3.220413
monetdb,query_48.sql,9,0.859126
monetdb,query_49.sql,9,22.078644
monetdb,query_50.sql,9,0.529224
monetdb,query_51.sql,9,3.035436
monetdb,query_52.sql,9,0.875028
monetdb,query_53.sql,9,0.358381
monetdb,query_54.sql,9,1.968336
monetdb,query_55.sql,9,0.117904
monetdb,query_56.sql,9,0.103271
monetdb,query_57.sql,9,0.626713
monetdb,query_59.sql,9,4.498728
monetdb,query_61.sql,9,0.417161
monetdb,query_62.sql,9,0.226233
monetdb,query_63.sql,9,0.353870
monetdb,query_64.sql,9,8.541933
monetdb,query_65.sql,9,5.140897
monetdb,query_66.sql,9,0.520910
monetdb,query_67.sql,9,187.210590
monetdb,query_68.sql,9,1.353680
monetdb,query_69.sql,9,1.794835
monetdb,query_72.sql,9,24.818520
monetdb,query_73.sql,9,0.649397
monetdb,query_74.sql,9,41.635014
monetdb,query_75.sql,9,68.784073
monetdb,query_76.sql,9,0.889592
monetdb,query_77.sql,9,6.356662
monetdb,query_78.sql,9,144.764571
monetdb,query_79.sql,9,0.543018
monetdb,query_80.sql,9,78.063434
monetdb,query_81.sql,9,0.410469
monetdb,query_82.sql,9,0.148342
monetdb,query_84.sql,9,0.141044
monetdb,query_85.sql,9,0.285913
monetdb,query_86.sql,9,0.013323
monetdb,query_87.sql,9,2.929658
monetdb,query_88.sql,9,1.309763
monetdb,query_89.sql,9,0.356713
monetdb,query_90.sql,9,0.135919
monetdb,query_91.sql,9,0.058119
monetdb,query_92.sql,9,0.136742
monetdb,query_93.sql,9,17.724492
monetdb,query_94.sql,9,0.232965
monetdb,query_95.sql,9,653.077984
monetdb,query_96.sql,9,0.290282
monetdb,query_98.sql,9,0.403140
monetdb,query_99.sql,9,0.861292
monetdb,query_1.sql,10,1.022223
monetdb,query_2.sql,10,16.386422
monetdb,query_3.sql,10,1.678130
monetdb,query_4.sql,10,19.936552
monetdb,query_5.sql,10,20.598456
monetdb,query_6.sql,10,1.537119
monetdb,query_7.sql,10,0.357392
monetdb,query_8.sql,10,0.652448
monetdb,query_9.sql,10,0.900362
monetdb,query_10.sql,10,2.374024
monetdb,query_11.sql,10,13.038698
monetdb,query_12.sql,10,0.539492
monetdb,query_13.sql,10,0.848817
monetdb,query_15.sql,10,0.123466
monetdb,query_16.sql,10,0.100690
monetdb,query_17.sql,10,15.885942
monetdb,query_19.sql,10,0.880640
monetdb,query_20.sql,10,0.089725
monetdb,query_21.sql,10,0.299667
monetdb,query_22.sql,10,6.387355
monetdb,query_23.sql,10,14.299443
monetdb,query_24.sql,10,18.806164
monetdb,query_25.sql,10,8.104569
monetdb,query_26.sql,10,0.233110
monetdb,query_28.sql,10,0.282046
monetdb,query_29.sql,10,8.056029
monetdb,query_30.sql,10,0.208895
monetdb,query_31.sql,10,13.794725
monetdb,query_32.sql,10,0.502262
monetdb,query_33.sql,10,1.689896
monetdb,query_34.sql,10,0.351433
monetdb,query_35.sql,10,2.610747
monetdb,query_36.sql,10,0.014418
monetdb,query_37.sql,10,0.524948
monetdb,query_38.sql,10,3.079019
monetdb,query_39.sql,10,9.643194
monetdb,query_40.sql,10,0.792616
monetdb,query_41.sql,10,0.025548
monetdb,query_42.sql,10,0.998997
monetdb,query_43.sql,10,0.275017
monetdb,query_44.sql,10,0.303582
monetdb,query_45.sql,10,0.110243
monetdb,query_46.sql,10,1.476926
monetdb,query_47.sql,10,3.252203
monetdb,query_48.sql,10,0.811097
monetdb,query_49.sql,10,17.243881
monetdb,query_50.sql,10,0.546208
monetdb,query_51.sql,10,2.845845
monetdb,query_52.sql,10,0.858786
monetdb,query_53.sql,10,0.364572
monetdb,query_54.sql,10,1.882271
monetdb,query_55.sql,10,0.792025
monetdb,query_56.sql,10,0.138853
monetdb,query_57.sql,10,0.578944
monetdb,query_59.sql,10,4.322627
monetdb,query_61.sql,10,0.421171
monetdb,query_62.sql,10,0.230477
monetdb,query_63.sql,10,0.353220
monetdb,query_64.sql,10,12.753097
monetdb,query_65.sql,10,4.965784
monetdb,query_66.sql,10,0.569386
monetdb,query_67.sql,10,187.416442
monetdb,query_68.sql,10,1.198471
monetdb,query_69.sql,10,1.676627
monetdb,query_72.sql,10,26.075531
monetdb,query_73.sql,10,0.887493
monetdb,query_74.sql,10,31.858107
monetdb,query_75.sql,10,69.010383
monetdb,query_76.sql,10,0.958474
monetdb,query_77.sql,10,6.430049
monetdb,query_78.sql,10,125.166108
monetdb,query_79.sql,10,0.567855
monetdb,query_80.sql,10,105.179989
monetdb,query_81.sql,10,0.313152
monetdb,query_82.sql,10,0.154435
monetdb,query_84.sql,10,0.138286
monetdb,query_85.sql,10,0.274339
monetdb,query_86.sql,10,0.014140
monetdb,query_87.sql,10,3.005592
monetdb,query_88.sql,10,1.438237
monetdb,query_89.sql,10,0.376306
monetdb,query_90.sql,10,0.141142
monetdb,query_91.sql,10,0.060386
monetdb,query_92.sql,10,0.128481
monetdb,query_93.sql,10,18.090034
monetdb,query_94.sql,10,0.233765
monetdb,query_95.sql,10,683.322508
monetdb,query_96.sql,10,0.289441
monetdb,query_98.sql,10,0.420269
monetdb,query_99.sql,10,0.864089
